,HAR,HAR-X,LogHAR,Linear Regression,Ridge,Lasso,Elastic Net,Huber,Adaptive Lasso,Bayesian Ridge,Theil-Sen,Decision Tree,Random Forest,Extra Trees,Gradient Boosting,XGBoost,LightGBM,CatBoost,LSTM
HAR,,2.055452133733154,1.0112288345094205,2.055452133733128,2.0676833450539442,2.1208094816232967,2.130107440016185,2.098532829039024,2.043868113239109,2.066011015169714,2.058388593302012,-1.7000362434693157,1.7797249033413882,1.8724256711986276,1.1333615559876424,1.3539017966141622,1.3016706279895753,1.3582019862467432,1.5876854290973628
HAR-X,-2.055452133733154,,-2.0881809361462063,,-0.5447795639835292,-0.3588882982912746,-0.74338006343049,-1.0094657897482626,-0.9832896693930856,-0.5320071870799304,1.9815485388602698,-3.9766260524189323,0.9542679935813894,0.533536185306963,-0.6641903402546251,0.16505313245201095,0.49302364387257924,0.7321239403723035,-0.1703239113763783
LogHAR,-1.0112288345094205,2.0881809361462063,,2.0881809361461765,2.1039379561727163,2.17345859190029,2.1910538878676014,2.17467169097686,2.0948676173291054,2.101756281884,2.092030146390976,-1.8295038511815593,1.8016764449359783,1.9330023978487423,1.0612613173394208,1.3415847654452624,1.2845255094018642,1.3419907757227623,1.5945973903409008
Linear Regression,-2.055452133733128,,-2.0881809361461765,,-0.5447795639821114,-0.3588882982910091,-0.7433800634302871,-1.0094657897481194,-0.9832896693928589,-0.5320071870782784,1.9815485388616125,-3.976626052418943,0.95426799358143,0.5335361853069975,-0.6641903402546137,0.16505313245203354,0.4930236438725948,0.7321239403723193,-0.17032391137633596
Ridge,-2.0676833450539442,0.5447795639835292,-2.1039379561727163,0.5447795639821114,,-0.30497602330410273,-0.7708159790165475,-1.017914962953799,-1.0244594408875816,0.6191828995975819,1.5066288087437396,-3.959033112751928,0.9558274115982909,0.556146477451035,-0.6441995407610269,0.17384720950924024,0.4958672004496408,0.7321757142418303,-0.14905456331607092
Lasso,-2.1208094816232967,0.3588882982912746,-2.17345859190029,0.3588882982910091,0.30497602330410273,,-1.3589305720815588,-1.0872396170827876,-1.7178488086533228,0.3172523243706091,0.770052056223613,-3.8993983745149903,0.9395358337761192,0.6059060014001506,-0.5899091011014461,0.18983998297179022,0.4968153843512416,0.7245961455573109,-0.10151384153870036
Elastic Net,-2.130107440016185,0.74338006343049,-2.1910538878676014,0.7433800634302871,0.7708159790165475,1.3589305720815588,,-0.9319942256673271,-0.32474435473356267,0.767971138938043,0.9794814874327257,-3.8207354933390913,0.9918864239769545,0.7360408063791818,-0.5006360265412122,0.25232086048114244,0.5297307138412143,0.7459756137361577,0.031040819310032504
Huber,-2.098532829039024,1.0094657897482626,-2.17467169097686,1.0094657897481194,1.017914962953799,1.0872396170827876,0.9319942256673271,,0.7654029382137342,1.017312030536363,1.105531805354572,-3.5111612509680294,1.1081726013975806,1.004097371979364,-0.23945977641642166,0.4365590850494628,0.6339952074696332,0.813406788937001,0.3930512776809488
Adaptive Lasso,-2.043868113239109,0.9832896693930856,-2.0948676173291054,0.9832896693928589,1.0244594408875816,1.7178488086533228,0.32474435473356267,-0.7654029382137342,,1.0202068304021255,1.2799074601469924,-3.771904710481773,1.097053862783349,0.8276078934587832,-0.49168176697329447,0.2852264072653796,0.5596543543794716,0.7762969032591593,0.07348120549934922
Bayesian Ridge,-2.066011015169714,0.5320071870799304,-2.101756281884,0.5320071870782784,-0.6191828995975819,-0.3172523243706091,-0.767971138938043,-1.017312030536363,-1.0202068304021255,,1.55722762191654,-3.9617599698665895,0.9553515113144458,0.5524920854255951,-0.6473041821409712,0.17236627973794047,0.4953269302752738,0.7320637540630998,-0.15255733097898574
Theil-Sen,-2.058388593302012,-1.9815485388602698,-2.092030146390976,-1.9815485388616125,-1.5066288087437396,-0.770052056223613,-0.9794814874327257,-1.105531805354572,-1.2799074601469924,-1.55722762191654,,-3.9920227190336153,0.9062844688794132,0.449373001903976,-0.7244597179406725,0.11538592336489228,0.466489958861704,0.7131277269872718,-0.27677950957667247
Decision Tree,1.7000362434693157,3.9766260524189323,1.8295038511815593,3.976626052418943,3.959033112751928,3.8993983745149903,3.8207354933390913,3.5111612509680294,3.771904710481773,3.9617599698665895,3.9920227190336153,,3.614432672361195,3.2894892566241265,4.28525141817387,2.997464777867266,2.8030738168206635,2.9118321400934195,3.1689033807409537
Random Forest,-1.7797249033413882,-0.9542679935813894,-1.8016764449359783,-0.95426799358143,-0.9558274115982909,-0.9395358337761192,-0.9918864239769545,-1.1081726013975806,-1.097053862783349,-0.9553515113144458,-0.9062844688794132,-3.614432672361195,,-0.6871169498448614,-1.3367292683969045,-1.1161981171233593,0.15392090854126209,0.578579665102062,-1.8159791340114526
Extra Trees,-1.8724256711986276,-0.533536185306963,-1.9330023978487423,-0.5335361853069975,-0.556146477451035,-0.6059060014001506,-0.7360408063791818,-1.004097371979364,-0.8276078934587832,-0.5524920854255951,-0.449373001903976,-3.2894892566241265,0.6871169498448614,,-0.7633541970594873,-0.16985545989678716,0.3585264492114518,0.6362211443994666,-1.0635902190186495
Gradient Boosting,-1.1333615559876424,0.6641903402546251,-1.0612613173394208,0.6641903402546137,0.6441995407610269,0.5899091011014461,0.5006360265412122,0.23945977641642166,0.49168176697329447,0.6473041821409712,0.7244597179406725,-4.28525141817387,1.3367292683969045,0.7633541970594873,,0.7789464772810935,1.0343913399178766,1.3961075993870893,0.5008163925294968
XGBoost,-1.3539017966141622,-0.16505313245201095,-1.3415847654452624,-0.16505313245203354,-0.17384720950924024,-0.18983998297179022,-0.25232086048114244,-0.4365590850494628,-0.2852264072653796,-0.17236627973794047,-0.11538592336489228,-2.997464777867266,1.1161981171233593,0.16985545989678716,-0.7789464772810935,,0.897554692847668,1.191045323573775,-0.3731479143162877
LightGBM,-1.3016706279895753,-0.49302364387257924,-1.2845255094018642,-0.4930236438725948,-0.4958672004496408,-0.4968153843512416,-0.5297307138412143,-0.6339952074696332,-0.5596543543794716,-0.4953269302752738,-0.466489958861704,-2.8030738168206635,-0.15392090854126209,-0.3585264492114518,-1.0343913399178766,-0.897554692847668,,0.9768032537429698,-0.7130212445105224
CatBoost,-1.3582019862467432,-0.7321239403723035,-1.3419907757227623,-0.7321239403723193,-0.7321757142418303,-0.7245961455573109,-0.7459756137361577,-0.813406788937001,-0.7762969032591593,-0.7320637540630998,-0.7131277269872718,-2.9118321400934195,-0.578579665102062,-0.6362211443994666,-1.3961075993870893,-1.191045323573775,-0.9768032537429698,,-0.9311847010419678
LSTM,-1.5876854290973628,0.1703239113763783,-1.5945973903409008,0.17032391137633596,0.14905456331607092,0.10151384153870036,-0.031040819310032504,-0.3930512776809488,-0.07348120549934922,0.15255733097898574,0.27677950957667247,-3.1689033807409537,1.8159791340114526,1.0635902190186495,-0.5008163925294968,0.3731479143162877,0.7130212445105224,0.9311847010419678,
