Model,Variable,Coefficient,NW t-stat,p-value
HAR,const,2.3255522419437473,3.0151482427650453,0.0025685368182265895
HAR,har_daily,0.22707625869009013,2.8957513462976876,0.003782519832285797
HAR,har_weekly,0.44125908194772445,3.7041672714974654,0.00021208628206774988
HAR,har_monthly,0.28816946466764626,4.504231509117493,6.661355717239028e-06
HAR,In-sample R2,0.6742395715447078,,
HAR,NW lags,14.0,,
HAR-X,const,1.7965426507784912,0.8911506966976173,0.3728483303709671
HAR-X,har_daily,0.12402731069735642,1.6988085749068258,0.08935525743237509
HAR-X,har_weekly,0.2530983873684081,2.5120753319356512,0.012002346463277603
HAR-X,har_monthly,0.2583803929136101,4.657201504253085,3.205366778772304e-06
HAR-X,asia_range,0.2104199846736831,3.629489380466383,0.00028398241313654164
HAR-X,asia_dir,-0.6101140882765219,-1.0752100462998369,0.2822806985800217
HAR-X,london_range,0.2779546592125904,3.8214245444092,0.0001326830121129166
HAR-X,london_dir,-0.7476528690839314,-1.4715710322250397,0.14113675282255234
HAR-X,ndog_range,0.07173187313291762,1.5741335779301595,0.11545657123421438
HAR-X,month,0.14196576527384003,0.925663354570293,0.35462095763505264
HAR-X,weekday,-0.36381991229203947,-1.0831859007703128,0.27872591658695833
HAR-X,impact_medium,0.7784966212466411,0.5396864696941266,0.5894132725196723
HAR-X,impact_high,2.769935066703566,1.956074550295026,0.05045637265221001
HAR-X,In-sample R2,0.7148136990373384,,
HAR-X,NW lags,14.0,,
LogHAR,const,0.06423228347313203,1.6793305990576208,0.09308763066518223
LogHAR,har_daily,0.1826016510487541,7.287502673693265,3.1575304162246413e-13
LogHAR,har_weekly,0.4091658141700423,9.858581611252733,6.293208042822735e-23
LogHAR,har_monthly,0.377693031895364,11.605135949738575,3.8807038748654393e-31
LogHAR,In-sample R2,0.754779650367288,,
LogHAR,NW lags,14.0,,
LogHAR,Duan smearing factor,1.0829481846448141,,
