Seed,R2,MAE,RMSE,MAPE,best epoch
42,-0.009778824047706358,57.34120494736237,92.97597095598124,28.81947556576791,9.0
43,-0.14796674044284464,62.42858721769508,99.13391228077356,30.321329600561736,8.0
44,-0.055705135436128206,58.70722668532616,95.06680754904727,28.988621688706225,11.0
45,-0.14273828290742618,62.05451576382506,98.90790008273483,30.041498392236125,9.0
46,-0.03448047055841319,58.239619511937946,94.1063092315301,28.770142459170966,7.0
47,0.03569897600022198,55.30532848330597,90.85815360281296,28.467588630078307,9.0
48,0.014617411927916657,56.696976121365104,91.84595514648188,28.869388667442518,11.0
49,-0.2654602983943337,69.69608332867224,104.08349220043358,34.381580178291536,17.0
50,-0.30319434491749053,68.84699155966933,105.62389689419805,33.23293846683008,8.0
51,-0.032678578752785015,57.822359409863736,94.02431479227249,28.585350726625038,7.0
mean,-0.09416862875289891,60.71388930290232,96.6626712736266,30.047791437571043,9.6
std,0.11687154086529852,5.020374072752645,5.088635094054531,2.0893684149509726,2.9514591494904874
min,-0.30319434491749053,55.30532848330597,90.85815360281296,28.467588630078307,7.0
max,0.03569897600022198,69.69608332867224,105.62389689419805,34.381580178291536,17.0
