Feature,HAR-X |b*sd(x)|,Elastic Net |b| (std. inputs),CatBoost gain,Random Forest impurity
har_daily,12.100661527719257,12.12021558191728,10.765963589353442,15.329342441437777
har_weekly,21.94494391666376,21.92823859099615,17.756846063730126,28.708959310118022
har_monthly,20.666566392751584,20.671627074618826,18.19689554438532,21.836454073498267
asia_range,13.920058624301738,13.925285706278387,13.507870020323134,11.12882252955388
asia_dir,1.1904609636896595,1.1895238995961388,3.1346229587588077,0.3426718318355826
london_range,17.527395761873546,17.527015712992387,13.305440280175452,14.860386712802926
london_dir,1.461061315194633,1.4597231419354555,1.9004386632716714,0.31623327922898936
ndog_range,5.90101002556143,5.9087764763598924,10.605581308309644,5.073598519951315
month,0.9610292298896856,0.9605311580065303,3.5072161924365393,1.0323475368305304
weekday,1.0018086108615571,0.9980525754481532,5.183078678222242,0.8256498602034057
impact_medium,0.6279443724460262,0.6224497158029885,0.8552274684105017,0.18006905205857668
impact_high,2.69705925904711,2.688560366047795,1.2808192326231114,0.36546485248073063
