Model,Category,Feature,Group,Delta MSE,SD,Base MSE,Positive,Share (%),Delta MSE / Base MSE (%)
HAR,Econometric,har_daily,Persistence (HAR),443.66061024219596,233.39828316558447,6482.13808355635,443.66061024219596,24.894096446019923,6.844356052328752
HAR,Econometric,har_weekly,Persistence (HAR),1100.05444923081,178.0145922141215,6482.13808355635,1100.05444923081,61.724798016383765,16.97054945530068
HAR,Econometric,har_monthly,Persistence (HAR),238.4770004164728,61.382827586929665,6482.13808355635,238.4770004164728,13.38110553759631,3.678986737746802
HAR,Econometric,asia_range,Session,0.0,0.0,6482.13808355635,0.0,0.0,0.0
HAR,Econometric,asia_dir,Session,0.0,0.0,6482.13808355635,0.0,0.0,0.0
HAR,Econometric,london_range,Session,0.0,0.0,6482.13808355635,0.0,0.0,0.0
HAR,Econometric,london_dir,Session,0.0,0.0,6482.13808355635,0.0,0.0,0.0
HAR,Econometric,ndog_range,Session,0.0,0.0,6482.13808355635,0.0,0.0,0.0
HAR,Econometric,month,Calendar,0.0,0.0,6482.13808355635,0.0,0.0,0.0
HAR,Econometric,weekday,Calendar,0.0,0.0,6482.13808355635,0.0,0.0,0.0
HAR,Econometric,impact_medium,Macro news,0.0,0.0,6482.13808355635,0.0,0.0,0.0
HAR,Econometric,impact_high,Macro news,0.0,0.0,6482.13808355635,0.0,0.0,0.0
HAR-X,Econometric,har_daily,Persistence (HAR),148.93125331473826,112.3770602841044,5635.460677847056,148.93125331473826,8.403370330348796,2.6427520628470647
HAR-X,Econometric,har_weekly,Persistence (HAR),299.87892255586974,94.74895708443948,5635.460677847056,299.87892255586974,16.920515905264196,5.321284979144491
HAR-X,Econometric,har_monthly,Persistence (HAR),176.0273045956582,53.172826892335536,5635.460677847056,176.0273045956582,9.93225126256317,3.123565483965134
HAR-X,Econometric,asia_range,Session,422.99575501390865,60.16714887359393,5635.460677847056,422.99575501390865,23.867320649181732,7.505965868534955
HAR-X,Econometric,asia_dir,Session,2.7810031449355392,1.82465992480299,5635.460677847056,2.7810031449355392,0.15691669006081832,0.04934828408736196
HAR-X,Econometric,london_range,Session,579.9603919247018,72.56503931975104,5635.460677847056,579.9603919247018,32.72397056901155,10.291268541798557
HAR-X,Econometric,london_dir,Session,3.4062226397969426,3.524160202178655,5635.460677847056,3.4062226397969426,0.19219438252722587,0.06044266537404426
HAR-X,Econometric,ndog_range,Session,111.97646286058193,34.59951852088261,5635.460677847056,111.97646286058193,6.318215047256965,1.9869975013890233
HAR-X,Econometric,month,Calendar,0.3811994596696877,2.494731581010198,5635.460677847056,0.3811994596696877,0.021508985911530238,0.006764299876462261
HAR-X,Econometric,weekday,Calendar,-8.196326804956561,2.1038327369697134,5635.460677847056,0.0,0.0,-0.14544200152396142
HAR-X,Econometric,impact_medium,Macro news,-2.8775900963635195,1.3676096587557987,5635.460677847056,0.0,0.0,-0.0510621981211811
HAR-X,Econometric,impact_high,Macro news,25.941503816106753,7.7566586970185005,5635.460677847056,25.941503816106753,1.4637361778740139,0.46032623238917386
LogHAR,Econometric,har_daily,Persistence (HAR),386.6422858810389,113.74332230304621,6352.133464104707,386.6422858810389,19.381150158492222,6.086809857914938
LogHAR,Econometric,har_weekly,Persistence (HAR),1056.016772856853,164.97408023105388,6352.133464104707,1056.016772856853,52.9347678513421,16.62459988953793
LogHAR,Econometric,har_monthly,Persistence (HAR),552.2807808444572,95.40067439857324,6352.133464104707,552.2807808444572,27.684081990165684,8.694413994374372
LogHAR,Econometric,asia_range,Session,0.0,0.0,6352.133464104707,0.0,0.0,0.0
LogHAR,Econometric,asia_dir,Session,0.0,0.0,6352.133464104707,0.0,0.0,0.0
LogHAR,Econometric,london_range,Session,0.0,0.0,6352.133464104707,0.0,0.0,0.0
LogHAR,Econometric,london_dir,Session,0.0,0.0,6352.133464104707,0.0,0.0,0.0
LogHAR,Econometric,ndog_range,Session,0.0,0.0,6352.133464104707,0.0,0.0,0.0
LogHAR,Econometric,month,Calendar,0.0,0.0,6352.133464104707,0.0,0.0,0.0
LogHAR,Econometric,weekday,Calendar,0.0,0.0,6352.133464104707,0.0,0.0,0.0
LogHAR,Econometric,impact_medium,Macro news,0.0,0.0,6352.133464104707,0.0,0.0,0.0
LogHAR,Econometric,impact_high,Macro news,0.0,0.0,6352.133464104707,0.0,0.0,0.0
Linear Regression,Linear,har_daily,Persistence (HAR),148.93125331473794,112.37706028410412,5635.460677847058,148.93125331473794,8.403370330348755,2.6427520628470584
Linear Regression,Linear,har_weekly,Persistence (HAR),299.87892255587155,94.74895708443941,5635.460677847058,299.87892255587155,16.920515905264253,5.321284979144521
Linear Regression,Linear,har_monthly,Persistence (HAR),176.02730459565947,53.17282689233586,5635.460677847058,176.02730459565947,9.932251262563215,3.123565483965155
Linear Regression,Linear,asia_range,Session,422.99575501390865,60.167148873593604,5635.460677847058,422.99575501390865,23.867320649181668,7.505965868534952
Linear Regression,Linear,asia_dir,Session,2.7810031449357213,1.824659924803051,5635.460677847058,2.7810031449357213,0.15691669006082815,0.04934828408736517
Linear Regression,Linear,london_range,Session,579.9603919247023,72.5650393197509,5635.460677847058,579.9603919247023,32.72397056901149,10.291268541798564
Linear Regression,Linear,london_dir,Session,3.4062226397972153,3.5241602021784373,5635.460677847058,3.4062226397972153,0.19219438252724075,0.06044266537404908
Linear Regression,Linear,ndog_range,Session,111.97646286058247,34.599518520882725,5635.460677847058,111.97646286058247,6.318215047256978,1.9869975013890324
Linear Regression,Linear,month,Calendar,0.38119945966996055,2.4947315810099693,5635.460677847058,0.38119945966996055,0.021508985911545573,0.006764299876467101
Linear Regression,Linear,weekday,Calendar,-8.196326804956243,2.103832736969518,5635.460677847058,0.0,0.0,-0.14544200152395573
Linear Regression,Linear,impact_medium,Macro news,-2.8775900963628374,1.3676096587560957,5635.460677847058,0.0,0.0,-0.05106219812116899
Linear Regression,Linear,impact_high,Macro news,25.941503816106934,7.756658697018489,5635.460677847058,25.941503816106934,1.4637361778740203,0.4603262323891769
Ridge,Linear,har_daily,Persistence (HAR),152.03769674346273,113.37846612908976,5637.6418468742,152.03769674346273,8.576881646307505,2.6968314212397204
Ridge,Linear,har_weekly,Persistence (HAR),295.79907832674775,94.08802557189398,5637.6418468742,295.79907832674775,16.686872665376953,5.246858285095816
Ridge,Linear,har_monthly,Persistence (HAR),176.887004047862,53.11903469804718,5637.6418468742,176.887004047862,9.978702196787012,3.13760626964867
Ridge,Linear,asia_range,Session,424.02601157545087,60.194203397129684,5637.6418468742,424.02601157545087,23.920520990099998,7.52133645755721
Ridge,Linear,asia_dir,Session,2.7780588607077332,1.8208054844322379,5637.6418468742,2.7780588607077332,0.15671825188834695,0.04927696608198041
Ridge,Linear,london_range,Session,578.6226567190303,72.36927257926683,5637.6418468742,578.6226567190303,32.64176024006051,10.26355828261507
Ridge,Linear,london_dir,Session,3.399125893876453,3.514006596693053,5637.6418468742,3.399125893876453,0.1917544208912195,0.06029339901684432
Ridge,Linear,ndog_range,Session,113.16309562712922,34.85159987904796,5637.6418468742,113.16309562712922,6.383854127712565,2.007277132900393
Ridge,Linear,month,Calendar,0.37409780014218086,2.4976480095922233,5637.6418468742,0.37409780014218086,0.021103927675104342,0.006635714192266399
Ridge,Linear,weekday,Calendar,-8.094521083585823,2.0757676519909385,5637.6418468742,0.0,0.0,-0.14357990988863267
Ridge,Linear,impact_medium,Macro news,-2.8042675388549014,1.3302796445965914,5637.6418468742,0.0,0.0,-0.04974185333198724
Ridge,Linear,impact_high,Macro news,25.558560143396427,7.648562733909822,5637.6418468742,25.558560143396427,1.441831533200788,0.45335551348596953
Lasso,Linear,har_daily,Persistence (HAR),148.9286132994053,112.3680567656346,5635.561279060965,148.9286132994053,8.403123351539074,2.6426580410500087
Lasso,Linear,har_weekly,Persistence (HAR),299.94939858740065,94.75317271643219,5635.561279060965,299.94939858740065,16.92429506801802,5.322440547348289
Lasso,Linear,har_monthly,Persistence (HAR),176.02576740090157,53.16813979238158,5635.561279060965,176.02576740090157,9.932048675867234,3.12348244805586
Lasso,Linear,asia_range,Session,422.9748576053682,60.1633060252486,5635.561279060965,422.9748576053682,23.86586314284696,7.505461065199296
Lasso,Linear,asia_dir,Session,2.7762008708934447,1.8216080533422505,5635.561279060965,2.7762008708934447,0.1566438970318471,0.04926218939732714
Lasso,Linear,london_range,Session,580.0441393219991,72.56895978243661,5635.561279060965,580.0441393219991,32.72831421763825,10.292570883350415
Lasso,Linear,london_dir,Session,3.40072012137266,3.5190350816471723,5635.561279060965,3.40072012137266,0.19188166753762093,0.06034394717715342
Lasso,Linear,ndog_range,Session,111.9587199924626,34.59154617151025,5635.561279060965,111.9587199924626,6.317140229364131,1.9866471935714258
Lasso,Linear,month,Calendar,0.38003660423728436,2.4894753387259767,5635.561279060965,0.38003660423728436,0.021443122263454864,0.006743544882553537
Lasso,Linear,weekday,Calendar,-8.165042659097798,2.0954400251373335,5635.561279060965,0.0,0.0,-0.14488428489696617
Lasso,Linear,impact_medium,Macro news,-2.849939316742075,1.3539530581767594,5635.561279060965,0.0,0.0,-0.050570638408832115
Lasso,Linear,impact_high,Macro news,25.862238082485646,7.735079610375455,5635.561279060965,25.862238082485646,1.4592466278934064,0.45891148728303754
Elastic Net,Linear,har_daily,Persistence (HAR),149.41109395868466,112.52852757271852,5635.835492916671,149.41109395868466,8.430165471212565,2.6510904043680856
Elastic Net,Linear,har_weekly,Persistence (HAR),299.2664000337219,94.64720923361371,5635.835492916671,299.2664000337219,16.885394554141975,5.310062730004293
Elastic Net,Linear,har_monthly,Persistence (HAR),176.1664075931391,53.16323765369299,5635.835492916671,176.1664075931391,9.939770382043418,3.1258259368030106
Elastic Net,Linear,asia_range,Session,423.14537525886936,60.16962929075833,5635.835492916671,423.14537525886936,23.87497097636543,7.508121480669447
Elastic Net,Linear,asia_dir,Session,2.7781438425928173,1.8225373684211128,5635.835492916671,2.7781438425928173,0.15675015606514434,0.049294267834547205
Elastic Net,Linear,london_range,Session,579.7976039518211,72.53694479011425,5635.835492916671,579.7976039518211,32.71370024556542,10.28769566962223
Elastic Net,Linear,london_dir,Session,3.4023880918000033,3.520056801495035,5635.835492916671,3.4023880918000033,0.19197165251389278,0.06037060691491531
Elastic Net,Linear,ndog_range,Session,112.14833643241563,34.634051465575254,5635.835492916671,112.14833643241563,6.327703039962425,1.98991501035415
Elastic Net,Linear,month,Calendar,0.37954642680920186,2.4925542987713514,5635.835492916671,0.37954642680920186,0.021415004048453114,0.006734519261362934
Elastic Net,Linear,weekday,Calendar,-8.165202715181703,2.0953654840330063,5635.835492916671,0.0,0.0,-0.144880075464304
Elastic Net,Linear,impact_medium,Macro news,-2.852547331739106,1.3550588257572662,5635.835492916671,0.0,0.0,-0.050614453443935586
Elastic Net,Linear,impact_high,Macro news,25.84350925206231,7.729385210751545,5635.835492916671,25.84350925206231,1.4581585180812777,0.458556841918885
Huber,Linear,har_daily,Persistence (HAR),117.51660741813903,75.63224841939598,6145.367988894722,117.51660741813903,5.827389394394744,1.9122794213544734
Huber,Linear,har_weekly,Persistence (HAR),381.2843529512003,89.00646852385529,6145.367988894722,381.2843529512003,18.907050190197467,6.204418574123116
Huber,Linear,har_monthly,Persistence (HAR),236.92656239888387,50.5798255949402,6145.367988894722,236.92656239888387,11.748665718889285,3.855368186690093
Huber,Linear,asia_range,Session,456.38703036058615,57.404512659740114,6145.367988894722,456.38703036058615,22.63122633382014,7.426520774432417
Huber,Linear,asia_dir,Session,1.5291958693823744,1.0889007018460557,6145.367988894722,1.5291958693823744,0.07582945072166562,0.024883715216823147
Huber,Linear,london_range,Session,682.4393563228566,74.1215294880026,6145.367988894722,682.4393563228566,33.840662649520574,11.104938834518794
Huber,Linear,london_dir,Session,2.8453834058878784,3.0156362951191653,6145.367988894722,2.8453834058878784,0.14109628797791915,0.04630126968848348
Huber,Linear,ndog_range,Session,125.62481623777698,32.5258471953537,6145.367988894722,125.62481623777698,6.229457588169056,2.044219588880491
Huber,Linear,month,Calendar,0.004027607843090664,0.09301488165302098,6145.367988894722,0.004027607843090664,0.00019972019057780334,6.553892053932236e-05
Huber,Linear,weekday,Calendar,-2.3093668489305856,0.5775628511693912,6145.367988894722,0.0,0.0,-0.037578983929096456
Huber,Linear,impact_medium,Macro news,-0.341724291546052,0.15966894334592988,6145.367988894722,0.0,0.0,-0.005560680697455076
Huber,Linear,impact_high,Macro news,12.067942738135025,4.000596118423313,6145.367988894722,12.067942738135025,0.5984226661185618,0.19637461515637425
Adaptive Lasso,Linear,har_daily,Persistence (HAR),148.85700484977156,112.32528843832038,5635.420819118879,148.85700484977156,8.40316721640651,2.6414532228854197
Adaptive Lasso,Linear,har_weekly,Persistence (HAR),300.02159336858404,94.76948771295999,5635.420819118879,300.02159336858404,16.936600465347865,5.323854295862392
Adaptive Lasso,Linear,har_monthly,Persistence (HAR),176.04932931877934,53.156088718469896,5635.420819118879,176.04932931877934,9.938208511550542,3.123978403201225
Adaptive Lasso,Linear,asia_range,Session,422.59945696040506,60.141997138544525,5635.420819118879,422.59945696040506,23.856276740115533,7.498986686614119
Adaptive Lasso,Linear,asia_dir,Session,2.6966658638743866,1.7714035432850488,5635.420819118879,2.6966658638743866,0.15223021720597626,0.04785207618791495
Adaptive Lasso,Linear,london_range,Session,581.2038316134251,72.66419910633768,5635.420819118879,581.2038316134251,32.8096953770683,10.31340604842885
Adaptive Lasso,Linear,london_dir,Session,3.325469965135517,3.450021803884343,5635.420819118879,3.325469965135517,0.18772700833510128,0.05901014443949667
Adaptive Lasso,Linear,ndog_range,Session,111.63030301503841,34.49390268734737,5635.420819118879,111.63030301503841,6.301672558843879,1.980868982069954
Adaptive Lasso,Linear,month,Calendar,0.36213785414483934,2.3876491913932574,5635.420819118879,0.36213785414483934,0.020443142375737428,0.006426101364360241
Adaptive Lasso,Linear,weekday,Calendar,-7.648595454974702,1.9580784253280006,5635.420819118879,0.0,0.0,-0.13572359013591093
Adaptive Lasso,Linear,impact_medium,Macro news,-2.289038199104243,1.0810272335233873,5635.420819118879,0.0,0.0,-0.04061876251261291
Adaptive Lasso,Linear,impact_high,Macro news,24.693487360587596,7.420445063897894,5635.420819118879,24.693487360587596,1.393978762750557,0.438183556351494
Bayesian Ridge,Linear,har_daily,Persistence (HAR),155.0277184769258,114.32965840044002,5639.935219886677,155.0277184769258,8.743244221222934,2.7487499844021395
Bayesian Ridge,Linear,har_weekly,Persistence (HAR),292.0913980701131,93.47224169615968,5639.935219886677,292.0913980701131,16.473353625632782,5.178984982667621
Bayesian Ridge,Linear,har_monthly,Persistence (HAR),177.62250688425243,53.052183068965554,5639.935219886677,177.62250688425243,10.017543779475911,3.149371401606655
Bayesian Ridge,Linear,asia_range,Session,425.0113700122969,60.217211409594974,5639.935219886677,425.0113700122969,23.969766447715223,7.535749143247014
Bayesian Ridge,Linear,asia_dir,Session,2.775252822924949,1.817095364694984,5639.935219886677,2.775252822924949,0.15651854677899255,0.04920717552108182
Bayesian Ridge,Linear,london_range,Session,577.2999372493199,72.17701364727064,5639.935219886677,577.2999372493199,32.55852817713202,10.235932058469983
Bayesian Ridge,Linear,london_dir,Session,3.392076350154457,3.503792329763665,5639.935219886677,3.392076350154457,0.191306124077735,0.06014388850059547
Bayesian Ridge,Linear,ndog_range,Session,114.34965615625393,35.10180970738233,5639.935219886677,114.34965615625393,6.449085235914145,2.027499460508902
Bayesian Ridge,Linear,month,Calendar,0.36687190892666877,2.5004746051995324,5639.935219886677,0.36687190892666877,0.020690820513684767,0.006504895794424396
Bayesian Ridge,Linear,weekday,Calendar,-7.992715291768263,2.047756809327594,5639.935219886677,0.0,0.0,-0.1417164378694559
Bayesian Ridge,Linear,impact_medium,Macro news,-2.732059143174547,1.293704052798297,5639.935219886677,0.0,0.0,-0.04844132133896109
Bayesian Ridge,Linear,impact_high,Macro news,25.177568186426335,7.541107035808955,5639.935219886677,25.177568186426335,1.4199630215365837,0.44641591090707994
Theil-Sen,Linear,har_daily,Persistence (HAR),129.4815575721646,102.42618376633173,5643.052390444026,129.4815575721646,7.191434678796508,2.2945304883475712
Theil-Sen,Linear,har_weekly,Persistence (HAR),317.5223101684343,95.94766122251652,5643.052390444026,317.5223101684343,17.6352601517341,5.626782957147947
Theil-Sen,Linear,har_monthly,Persistence (HAR),182.16717456494862,53.82412771473215,5643.052390444026,182.16717456494862,10.117605634876734,3.22816734562719
Theil-Sen,Linear,asia_range,Session,440.13617613866535,61.830175021257524,5643.052390444026,440.13617613866535,24.445261702327016,7.799611729354032
Theil-Sen,Linear,asia_dir,Session,2.6660166307718556,1.7912741840702942,5643.052390444026,2.6660166307718556,0.14807116018893618,0.04724422965284713
Theil-Sen,Linear,london_range,Session,594.4167970640194,73.65320986679549,5643.052390444026,594.4167970640194,33.01404190850029,10.533604084034518
Theil-Sen,Linear,london_dir,Session,3.4595772108650182,3.6119175771830294,5643.052390444026,3.4595772108650182,0.19214569236489662,0.061306841962401125
Theil-Sen,Linear,ndog_range,Session,104.76186903464104,32.50395467888235,5643.052390444026,104.76186903464104,5.818497646441781,1.856475215648278
Theil-Sen,Linear,month,Calendar,0.3901036573192414,2.557229449058049,5643.052390444026,0.3901036573192414,0.021666444412420598,0.006912990174960008
Theil-Sen,Linear,weekday,Calendar,-8.832577310950501,2.2677615442932817,5643.052390444026,0.0,0.0,-0.15652127075601202
Theil-Sen,Linear,impact_medium,Macro news,-2.8297080389824716,1.347089264750139,5643.052390444026,0.0,0.0,-0.050144989682787876
Theil-Sen,Linear,impact_high,Macro news,25.495305650591852,7.654631114494992,5643.052390444026,25.495305650591852,1.416014980357312,0.45179991051945106
Decision Tree,Tree,har_daily,Persistence (HAR),-20.304491749953648,7.19245824594886,7948.333979113376,0.0,0.0,-0.25545594590400666
Decision Tree,Tree,har_weekly,Persistence (HAR),1169.4712211765645,125.47313514129597,7948.333979113376,1169.4712211765645,42.308200103588646,14.713413203945631
Decision Tree,Tree,har_monthly,Persistence (HAR),50.13725091784572,25.550141732358917,7948.333979113376,50.13725091784572,1.813825604311979,0.6307894339819683
Decision Tree,Tree,asia_range,Session,1211.1885386083152,128.37797264382965,7948.333979113376,1211.1885386083152,43.81741604813471,15.238269325258289
Decision Tree,Tree,asia_dir,Session,89.26766143247377,57.24414451751163,7948.333979113376,89.26766143247377,3.2294544870157997,1.1230990251171031
Decision Tree,Tree,london_range,Session,110.463896816556,46.65680015917339,7948.333979113376,110.463896816556,3.9962750396158913,1.3897742232124735
Decision Tree,Tree,london_dir,Session,2.367629590213073,2.6855116720031655,7948.333979113376,2.367629590213073,0.08565422103601195,0.029787746670368
Decision Tree,Tree,ndog_range,Session,-22.055403815953877,85.26969677225273,7948.333979113376,0.0,0.0,-0.2774846134285631
Decision Tree,Tree,month,Calendar,1.4204599870870425,5.805733717012006,7948.333979113376,1.4204599870870425,0.05138827213923051,0.01787116634529608
Decision Tree,Tree,weekday,Calendar,126.81768896057902,88.46879630118389,7948.333979113376,126.81768896057902,4.5879095304464785,1.5955254182050027
Decision Tree,Tree,impact_medium,Macro news,3.037180283224734,6.63538219583711,7948.333979113376,3.037180283224734,0.10987669371125615,0.03821153327484519
Decision Tree,Tree,impact_high,Macro news,-100.53985582512504,65.80778070555995,7948.333979113376,0.0,0.0,-1.2649173536155323
Random Forest,Tree,har_daily,Persistence (HAR),346.9797076178768,39.33750160424144,6970.701487219394,346.9797076178768,15.168441967811733,4.977687084349478
Random Forest,Tree,har_weekly,Persistence (HAR),514.4978292742978,54.868882145497544,6970.701487219394,514.4978292742978,22.49160482464542,7.3808615993328175
Random Forest,Tree,har_monthly,Persistence (HAR),-111.8858598031317,16.971403878524924,6970.701487219394,0.0,0.0,-1.6050875225150814
Random Forest,Tree,asia_range,Session,770.6496289626688,74.44564325424699,6970.701487219394,770.6496289626688,33.689446148560954,11.055553452914825
Random Forest,Tree,asia_dir,Session,21.582425722199467,11.280768958670427,6970.701487219394,21.582425722199467,0.9434896764980827,0.3096162669104437
Random Forest,Tree,london_range,Session,600.8335371064222,51.41640735380137,6970.701487219394,600.8335371064222,26.26582604061274,8.619412812441265
Random Forest,Tree,london_dir,Session,3.1410791063843133,4.568952755429229,6970.701487219394,3.1410791063843133,0.1373143013710974,0.04506116223945902
Random Forest,Tree,ndog_range,Session,-34.500608037430084,24.592234758925137,6970.701487219394,0.0,0.0,-0.4949373904575613
Random Forest,Tree,month,Calendar,3.238517026683303,4.438612446996617,6970.701487219394,3.238517026683303,0.1415738629738963,0.046458983111255625
Random Forest,Tree,weekday,Calendar,26.248531164505813,12.829875856101339,6970.701487219394,26.248531164505813,1.1474714888732906,0.3765550886468433
Random Forest,Tree,impact_medium,Macro news,-0.9087081015500644,2.5151071935090097,6970.701487219394,0.0,0.0,-0.0130361069573293
Random Forest,Tree,impact_high,Macro news,0.3392764400682154,7.836198974199942,6970.701487219394,0.3392764400682154,0.014831688652778546,0.00486717786854408
Extra Trees,Tree,har_daily,Persistence (HAR),227.28149186517808,30.554504333860073,7621.793641836186,227.28149186517808,13.973862679957326,2.981994823601956
Extra Trees,Tree,har_weekly,Persistence (HAR),408.41153431368855,38.03103512058032,7621.793641836186,408.41153431368855,25.110213113153844,5.358470112230656
Extra Trees,Tree,har_monthly,Persistence (HAR),-91.75360632740467,15.439214459576347,7621.793641836186,0.0,0.0,-1.2038322032725628
Extra Trees,Tree,asia_range,Session,324.6408552714713,28.892488758344196,7621.793641836186,324.6408552714713,19.95977188744632,4.259376080316723
Extra Trees,Tree,asia_dir,Session,38.655786114131025,17.592727058982703,7621.793641836186,38.655786114131025,2.376659192579983,0.507174399237846
Extra Trees,Tree,london_range,Session,463.05612974046596,38.28688896586979,7621.793641836186,463.05612974046596,28.469906269112943,6.075422026630859
Extra Trees,Tree,london_dir,Session,0.6077959244321391,7.3737391344226815,7621.793641836186,0.6077959244321391,0.03736888875443751,0.00797444739379894
Extra Trees,Tree,ndog_range,Session,59.25737093237967,20.28022534939105,7621.793641836186,59.25737093237967,3.6432987014867226,0.7774727802536494
Extra Trees,Tree,month,Calendar,24.328863623485084,6.479778965254065,7621.793641836186,24.328863623485084,1.4958023930767603,0.3192012899685901
Extra Trees,Tree,weekday,Calendar,28.08705902859333,11.142121792739923,7621.793641836186,28.08705902859333,1.7268661109556525,0.3685098330978534
Extra Trees,Tree,impact_medium,Macro news,12.432321084503064,3.8827426876227977,7621.793641836186,12.432321084503064,0.7643717321735904,0.16311542490814487
Extra Trees,Tree,impact_high,Macro news,39.71657099398408,13.934570343382008,7621.793641836186,39.71657099398408,2.4418790313024195,0.5210921846004722
Gradient Boosting,Tree,har_daily,Persistence (HAR),62.51912877320201,69.9005181350328,7704.181723174719,62.51912877320201,4.249915946902418,0.8114960292945854
Gradient Boosting,Tree,har_weekly,Persistence (HAR),426.4965653637795,96.96319599099103,7704.181723174719,426.4965653637795,28.992319470958016,5.535909986142304
Gradient Boosting,Tree,har_monthly,Persistence (HAR),-591.1377885829096,116.67225150122886,7704.181723174719,0.0,0.0,-7.67294710617645
Gradient Boosting,Tree,asia_range,Session,792.1539577993469,75.40617159079056,7704.181723174719,792.1539577993469,53.84892278115611,10.282129709070754
Gradient Boosting,Tree,asia_dir,Session,102.81173091605032,53.5163271281055,7704.181723174719,102.81173091605032,6.988920404406718,1.3344925471680584
Gradient Boosting,Tree,london_range,Session,83.6748402085149,73.97462348003283,7704.181723174719,83.6748402085149,5.688035721782275,1.0860963982302636
Gradient Boosting,Tree,london_dir,Session,-7.340221203057036,15.996513601867981,7704.181723174719,0.0,0.0,-0.09527580561835834
Gradient Boosting,Tree,ndog_range,Session,-181.43606882000796,141.61945227787223,7704.181723174719,0.0,0.0,-2.35503360823169
Gradient Boosting,Tree,month,Calendar,-1.7862756728718978,14.395916763716055,7704.181723174719,0.0,0.0,-0.02318579359958054
Gradient Boosting,Tree,weekday,Calendar,-2.958718573416172,11.71111151003674,7704.181723174719,0.0,0.0,-0.038404060025169696
Gradient Boosting,Tree,impact_medium,Macro news,-11.000136339583468,11.61168311842944,7704.181723174719,0.0,0.0,-0.14278137166072144
Gradient Boosting,Tree,impact_high,Macro news,3.411194608143478,18.419531393708876,7704.181723174719,3.411194608143478,0.2318856747944732,0.04427718258361385
XGBoost,Tree,har_daily,Persistence (HAR),4.101596161165889,71.77300049097053,8357.916559481377,4.101596161165889,0.22748562304992395,0.04907438512906619
XGBoost,Tree,har_weekly,Persistence (HAR),567.3835148735884,56.84831534414563,8357.916559481377,567.3835148735884,31.468625217501938,6.788575966697562
XGBoost,Tree,har_monthly,Persistence (HAR),-750.215985507118,175.41618250770853,8357.916559481377,0.0,0.0,-8.97611240992899
XGBoost,Tree,asia_range,Session,735.9855874618248,87.28369444422066,8357.916559481377,735.9855874618248,40.81975244289437,8.805849905583335
XGBoost,Tree,asia_dir,Session,34.1330985390653,21.53401230483755,8357.916559481377,34.1330985390653,1.8931140177331736,0.40839243005296666
XGBoost,Tree,london_range,Session,400.4606466214574,50.764630520282694,8357.916559481377,400.4606466214574,22.210631208939528,4.791393211112731
XGBoost,Tree,london_dir,Session,10.341171896389096,9.292627179360196,8357.916559481377,10.341171896389096,0.5735493791879652,0.1237290636104506
XGBoost,Tree,ndog_range,Session,-268.3806332877462,86.18452619509429,8357.916559481377,0.0,0.0,-3.2110949107680455
XGBoost,Tree,month,Calendar,-38.705291830423086,17.521816079453373,8357.916559481377,0.0,0.0,-0.4630973706780439
XGBoost,Tree,weekday,Calendar,35.563119718656345,40.87556801932562,8357.916559481377,35.563119718656345,1.972426862350569,0.42550221057558746
XGBoost,Tree,impact_medium,Macro news,-22.102331787782894,9.819683694050653,8357.916559481377,0.0,0.0,-0.26444786365699713
XGBoost,Tree,impact_high,Macro news,15.044618352294492,9.842194673089766,8357.916559481377,15.044618352294492,0.8344152483425371,0.18000440953466562
LightGBM,Tree,har_daily,Persistence (HAR),295.8037615341835,61.01012222385423,7815.857560474136,295.8037615341835,11.858375491061473,3.7846616221629175
LightGBM,Tree,har_weekly,Persistence (HAR),628.933843457435,75.68537862662511,7815.857560474136,628.933843457435,25.213113031670726,8.046894900414252
LightGBM,Tree,har_monthly,Persistence (HAR),-476.0201142948813,63.7948712824894,7815.857560474136,0.0,0.0,-6.090439988340886
LightGBM,Tree,asia_range,Session,831.5856034451187,90.76721542130475,7815.857560474136,831.5856034451187,33.337149897850715,10.639723114333112
LightGBM,Tree,asia_dir,Session,45.27419640444309,22.880556214855368,7815.857560474136,45.27419640444309,1.814981723813911,0.5792607663860319
LightGBM,Tree,london_range,Session,595.802260081814,102.34242100624267,7815.857560474136,595.802260081814,23.88491235483071,7.622992812648835
LightGBM,Tree,london_dir,Session,5.0641063495509115,10.92561156046736,7815.857560474136,5.0641063495509115,0.20301322169868222,0.0647927154553173
LightGBM,Tree,ndog_range,Session,-242.34911761157332,100.22345565885291,7815.857560474136,0.0,0.0,-3.1007361090760663
LightGBM,Tree,month,Calendar,-0.6820970998026041,12.821132371141504,7815.857560474136,0.0,0.0,-0.00872709225475222
LightGBM,Tree,weekday,Calendar,80.00202751316124,23.726388148575328,7815.857560474136,80.00202751316124,3.2071738282735276,1.0235860479052543
LightGBM,Tree,impact_medium,Macro news,-11.344986861723873,8.470993551274063,7815.857560474136,0.0,0.0,-0.1451534495599949
LightGBM,Tree,impact_high,Macro news,12.005402241386127,22.812369017608155,7815.857560474136,12.005402241386127,0.48128045080027115,0.15360313501744316
CatBoost,Tree,har_daily,Persistence (HAR),214.05034899201092,56.77831358818584,7528.634938514865,214.05034899201092,6.970625176030603,2.8431495316232653
CatBoost,Tree,har_weekly,Persistence (HAR),673.9209002035102,68.73323035725912,7528.634938514865,673.9209002035102,21.946472013400584,8.951435495376153
CatBoost,Tree,har_monthly,Persistence (HAR),-372.62252708954145,81.71260809083654,7528.634938514865,0.0,0.0,-4.949403578904927
CatBoost,Tree,asia_range,Session,1138.5259064954182,107.55752049230406,7528.634938514865,1138.5259064954182,37.07649805175619,15.122607428751344
CatBoost,Tree,asia_dir,Session,104.55936385003534,52.242766183989964,7528.634938514865,104.55936385003534,3.405012593882775,1.3888223390289822
CatBoost,Tree,london_range,Session,754.8915116142382,86.19362197499782,7528.634938514865,754.8915116142382,24.583308557120855,10.026937390102113
CatBoost,Tree,london_dir,Session,-46.78234269329819,19.407651429484403,7528.634938514865,0.0,0.0,-0.6213920993030205
CatBoost,Tree,ndog_range,Session,-241.71441537168508,89.29988859652839,7528.634938514865,0.0,0.0,-3.21060082399701
CatBoost,Tree,month,Calendar,38.762797458180465,20.45855829887311,7528.634938514865,38.762797458180465,1.2623241827344678,0.5148715241839977
CatBoost,Tree,weekday,Calendar,93.15518783890816,41.40640798565189,7528.634938514865,93.15518783890816,3.0336315763352903,1.2373449981263722
CatBoost,Tree,impact_medium,Macro news,-14.564399016207153,13.988067305927439,7528.634938514865,0.0,0.0,-0.19345338345068167
CatBoost,Tree,impact_high,Macro news,52.882210378926764,17.996608202018283,7528.634938514865,52.882210378926764,1.7221278487392326,0.7024143262464864
LSTM,Deep learning,har_daily,Persistence (HAR),450.08325360568887,59.768190588897085,9235.270292062607,450.08325360568887,20.879374510801362,4.8735255100494435
LSTM,Deep learning,har_weekly,Persistence (HAR),-150.2772765834542,28.646835998602793,9235.270292062607,0.0,0.0,-1.627210377509062
LSTM,Deep learning,har_monthly,Persistence (HAR),-4.632353325080385,13.510305078509294,9235.270292062607,0.0,0.0,-0.05015936922887607
LSTM,Deep learning,asia_range,Session,1204.06856963816,87.74190659297612,9235.270292062607,1204.06856963816,55.85677405403979,13.037718784181282
LSTM,Deep learning,asia_dir,Session,19.09610877624882,12.459519845134329,9235.270292062607,19.09610877624882,0.8858690112198837,0.20677368579738548
LSTM,Deep learning,london_range,Session,429.02904664817015,31.246325865531716,9235.270292062607,429.02904664817015,19.902669271110135,4.64554943255863
LSTM,Deep learning,london_dir,Session,8.114997539842443,16.41845670573709,9235.270292062607,8.114997539842443,0.3764549590130773,0.08786962680255282
LSTM,Deep learning,ndog_range,Session,-213.6949395629039,26.461211079664665,9235.270292062607,0.0,0.0,-2.3139002195373455
LSTM,Deep learning,month,Calendar,-54.336549146709515,9.296015313698685,9235.270292062607,0.0,0.0,-0.5883590564036862
LSTM,Deep learning,weekday,Calendar,9.834957385931101,5.980506306412896,9235.270292062607,9.834957385931101,0.4562439435672261,0.10649344388310869
LSTM,Deep learning,impact_medium,Macro news,20.93589375589672,13.718695973997145,9235.270292062607,20.93589375589672,0.9712166870147028,0.22669497582426357
LSTM,Deep learning,impact_high,Macro news,14.472885649274849,11.128833936859357,9235.270292062607,14.472885649274849,0.671397563233827,0.15671317884127106
