Fold,Train end,N train,N test,Model,Set,R2,MAE,RMSE,MAPE
2015-16,2014,1283,501,HAR-X,S,0.26540579400508335,10.771120837677904,16.19268532602425,32.969878051840546
2015-16,2014,1283,501,Elastic Net,S,0.27443674955276864,10.671496518995776,16.092842683909435,32.492074317382006
2015-16,2014,1283,501,Random Forest,S,0.19940389507215384,10.725811581840759,16.90448184725849,31.51473212333153
2015-16,2014,1283,501,CatBoost,S,0.23130941507461533,10.762110082191528,16.56421686704469,32.03468927744257
2015-16,2014,1283,501,LightGBM,S,0.1914674173725689,11.01584718975891,16.98806405939921,32.59455711061403
2015-16,2014,1283,501,HAR-X,B,0.24252084399339058,10.842606201321816,16.442977793975295,33.4246298687059
2015-16,2014,1283,501,Elastic Net,B,0.28183998618181194,10.388073347101953,16.010531052363724,30.701158835661463
2015-16,2014,1283,501,Random Forest,B,0.2716392484913448,10.356712647272479,16.123836834374877,31.158161251687417
2015-16,2014,1283,501,CatBoost,B,0.260639154722793,10.640931835818703,16.245135974832227,32.15280318298874
2015-16,2014,1283,501,LightGBM,B,0.2606944443488912,10.791188984115426,16.24452855540232,32.38395856117876
2015-16,2014,1283,501,HAR-X,S+B,0.22843990210804943,10.852762802107971,16.59510508151488,33.26803857727899
2015-16,2014,1283,501,Elastic Net,S+B,0.27743720617995193,10.394802770752412,16.059533458515354,30.723244194902193
2015-16,2014,1283,501,Random Forest,S+B,0.26332487947929606,10.448465457272295,16.21560394208091,31.410152681877072
2015-16,2014,1283,501,CatBoost,S+B,0.27924699184969615,10.478937493441066,16.039408885423615,31.783827512795852
2015-16,2014,1283,501,LightGBM,S+B,0.26556536898129546,10.726008498956373,16.190926472158555,32.30139567818825
2017-18,2016,1784,497,HAR-X,S,0.5436190847528164,14.092770476287853,20.8239683607592,29.549901506078246
2017-18,2016,1784,497,Elastic Net,S,0.5343936748992577,14.1059148703812,21.033386072304584,29.18858322413202
2017-18,2016,1784,497,Random Forest,S,0.3412392817210246,15.869309803603741,25.018634641631962,29.96724150996065
2017-18,2016,1784,497,CatBoost,S,0.26680383672355823,17.018742664209665,26.394281827439272,31.802722530243095
2017-18,2016,1784,497,LightGBM,S,0.2647685789551105,17.081626862103867,26.43088999733057,32.58791080088634
2017-18,2016,1784,497,HAR-X,B,0.5631575277392692,13.815801030960268,20.37333779244721,27.872088767457097
2017-18,2016,1784,497,Elastic Net,B,0.5031213352382374,14.373040405535788,21.72825914746494,27.679986761400286
2017-18,2016,1784,497,Random Forest,B,0.39741969611412964,15.426802656118083,23.928045387552626,29.33219259361783
2017-18,2016,1784,497,CatBoost,B,0.32164299746260316,16.34611452240043,25.38802480757372,30.758102511949893
2017-18,2016,1784,497,LightGBM,B,0.2754252802466082,17.130194961011306,26.23864154488768,32.35742090395783
2017-18,2016,1784,497,HAR-X,S+B,0.5447839945650802,14.111335979771088,20.797374846786205,28.13077570197653
2017-18,2016,1784,497,Elastic Net,S+B,0.5012627625414915,14.38942322793908,21.768858451577202,27.66681431553052
2017-18,2016,1784,497,Random Forest,S+B,0.3876417855643449,15.520434877228775,24.121401179405535,29.350558483515588
2017-18,2016,1784,497,CatBoost,S+B,0.34573097514854345,16.051830602369368,24.933195235732555,30.339278587387668
2017-18,2016,1784,497,LightGBM,S+B,0.2739514136084402,17.064054399251553,26.265314164973027,32.0807831519917
2019-20,2018,2281,498,HAR-X,S,0.5052545505858135,29.5734550740198,46.426462440162034,34.418636470668474
2019-20,2018,2281,498,Elastic Net,S,0.5058865905406209,29.52077722551964,46.39679793609318,34.32174664085312
2019-20,2018,2281,498,Random Forest,S,0.2766837273829559,31.965184175090737,56.13565657520713,32.42340053260043
2019-20,2018,2281,498,CatBoost,S,0.2985198908082177,31.883800242980488,55.28182467373887,32.975302908801424
2019-20,2018,2281,498,LightGBM,S,0.3383530118009772,31.68780011652229,53.689314475593804,34.094240031394364
2019-20,2018,2281,498,HAR-X,B,0.5035171094762517,29.30631233421488,46.50791094113835,33.80441495228942
2019-20,2018,2281,498,Elastic Net,B,0.5116403423904714,28.79292088777451,46.125870895221915,33.08745533249521
2019-20,2018,2281,498,Random Forest,B,0.34884564250058003,30.23056959647658,53.261901167921884,31.656450002492225
2019-20,2018,2281,498,CatBoost,B,0.3366631093440482,31.21740020734033,53.757834280782525,32.98091073384147
2019-20,2018,2281,498,LightGBM,B,0.3452013169945871,31.374266155913727,53.410739054244495,33.916682566152595
2019-20,2018,2281,498,HAR-X,S+B,0.5031019228041053,29.246380932998914,46.52735313130738,33.59822934429187
2019-20,2018,2281,498,Elastic Net,S+B,0.5117177276408165,28.78710047167543,46.12221620812192,33.020802932689485
2019-20,2018,2281,498,Random Forest,S+B,0.35094198655214637,30.085583841063904,53.17609564435001,31.367958191433985
2019-20,2018,2281,498,CatBoost,S+B,0.3177956490450339,31.398688578157604,54.516997753445764,32.525343268917176
2019-20,2018,2281,498,LightGBM,S+B,0.3546493876967839,30.687440707506976,53.024007970739056,32.997868674931894
2021-22,2020,2779,501,HAR-X,S,0.33614551631261114,41.66674666196157,56.46381550584681,26.02484945727609
2021-22,2020,2779,501,Elastic Net,S,0.3347911420299011,41.69528492565543,56.521383976602365,26.009548786760806
2021-22,2020,2779,501,Random Forest,S,0.2642301499490919,43.41855478349983,59.44355431545817,26.41032023037251
2021-22,2020,2779,501,CatBoost,S,0.15542915560236936,46.60305306560328,63.68715049875197,27.715124157061155
2021-22,2020,2779,501,LightGBM,S,0.16383424097949817,47.22191322094853,63.36945399498469,29.013432078616074
2021-22,2020,2779,501,HAR-X,B,0.23994189831691748,44.68945082933945,60.416723891747615,27.660230747278252
2021-22,2020,2779,501,Elastic Net,B,0.255409666693716,44.03783012384446,59.79880047132217,27.094920954285612
2021-22,2020,2779,501,Random Forest,B,0.18597809263307963,45.15082567130044,62.52472957617375,26.289857289458762
2021-22,2020,2779,501,CatBoost,B,0.08527656985925136,48.38197390798314,66.27941663470087,28.143439541707156
2021-22,2020,2779,501,LightGBM,B,0.08422005510353492,48.56637158477832,66.31768228478136,28.92411374158969
2021-22,2020,2779,501,HAR-X,S+B,0.23777455396611147,44.68791773133405,60.502803251686544,27.56944983617826
2021-22,2020,2779,501,Elastic Net,S+B,0.252152597192808,44.121399435351584,59.9294470230021,27.132360315161836
2021-22,2020,2779,501,Random Forest,S+B,0.1841425528998345,45.43483797171174,62.59518345485458,26.40395473210023
2021-22,2020,2779,501,CatBoost,S+B,0.058780987963539144,49.44920875421319,67.23247841272952,28.67641983360101
2021-22,2020,2779,501,LightGBM,S+B,0.12835409304240863,47.5296790277241,64.69993183737141,28.415146603984848
2023-25,2022,3280,719,HAR-X,S,0.3563795832649813,49.688125445527,79.79430142999301,30.443099139173356
2023-25,2022,3280,719,Elastic Net,S,0.3563934783094246,49.68548496699916,79.79344009051397,30.43813918099454
2023-25,2022,3280,719,Random Forest,S,0.2760122880004203,49.88137158432386,84.62965461240675,30.544270877207303
2023-25,2022,3280,719,CatBoost,S,0.28579103983822374,50.251066397158496,84.0561739635594,30.844023678345618
2023-25,2022,3280,719,LightGBM,S,0.24839399995590794,52.61168485967415,86.22874992379934,32.70478593659246
2023-25,2022,3280,719,HAR-X,B,0.3662961901292223,49.01626727563171,79.17719827497862,29.711039437421423
2023-25,2022,3280,719,Elastic Net,B,0.36700667115323093,48.906622641779755,79.13280081970855,29.536931378709845
2023-25,2022,3280,719,Random Forest,B,0.30491043133708695,48.41860080750838,82.92344884242092,29.21189985980262
2023-25,2022,3280,719,CatBoost,B,0.28895600133240107,49.115275419969535,83.86972297266853,29.853634017367614
2023-25,2022,3280,719,LightGBM,B,0.27805508138303325,50.772941220040096,84.51017536057321,31.423459960491822
2023-25,2022,3280,719,HAR-X,S+B,0.36611479278884596,49.15073398596278,79.1885296771986,29.89874163212881
2023-25,2022,3280,719,Elastic Net,S+B,0.36688020520170717,48.955934065378194,79.14070540944954,29.61220997869935
2023-25,2022,3280,719,Random Forest,S+B,0.3035414383621693,48.33801146648081,83.00506837983838,28.96337431698714
2023-25,2022,3280,719,CatBoost,S+B,0.3030446614720296,48.99369976239145,83.03466644316912,29.876441711777428
2023-25,2022,3280,719,LightGBM,S+B,0.28258348168384284,50.79721690702462,84.24471334381677,31.46141370283364
