Design,Model,Category,R2,MAE,RMSE,MAPE
"Regime-stratified split (submitted), with year",HAR,Econometric,0.5120343337819357,38.415043596426074,73.74862836124501,36.70180987899587
"Regime-stratified split (submitted), with year",HAR-X,Econometric,0.5942982856180257,36.133019590416986,67.245423955302,36.82209641993917
"Regime-stratified split (submitted), with year",LogHAR,Econometric,0.5194073965940098,38.434791786824256,73.18934420106862,37.176881013282845
"Regime-stratified split (submitted), with year",Linear Regression,Linear,0.5942982856180222,36.133019590418655,67.24542395530229,36.822096419943804
"Regime-stratified split (submitted), with year",Ridge,Linear,0.5943065894391011,36.132647320511154,67.24473576887564,36.8246800006044
"Regime-stratified split (submitted), with year",Lasso,Linear,0.5942880721649337,36.132990367721845,67.24627039449163,36.821207223732536
"Regime-stratified split (submitted), with year",Elastic Net,Linear,0.5942883922808693,36.13297817673219,67.24624386506825,36.82129219916484
"Regime-stratified split (submitted), with year",Huber,Linear,0.5769083716513295,35.08821472004428,68.67149948240869,31.757750718597194
"Regime-stratified split (submitted), with year",Adaptive Lasso,Linear,0.5942871118341788,36.1340314624015,67.24634998128583,36.822109028932914
"Regime-stratified split (submitted), with year",Bayesian Ridge,Linear,0.5944334583009336,36.1267087254661,67.23422052515984,36.864711383074976
"Regime-stratified split (submitted), with year",Theil-Sen,Linear,0.594022735840195,36.133253179265324,67.26825639077362,36.821340013418215
"Regime-stratified split (submitted), with year",Decision Tree,Tree,0.45513869339457325,41.316015771482064,77.92957329998833,39.01812092886988
"Regime-stratified split (submitted), with year",Random Forest,Tree,0.5476881170654294,35.415648051194275,71.00326394999963,34.08574997698879
"Regime-stratified split (submitted), with year",Extra Trees,Tree,0.5156735453402098,36.204369031602155,73.47310781094949,35.8814290039893
"Regime-stratified split (submitted), with year",Gradient Boosting,Tree,0.5610890244465028,37.48054592531625,69.9435280693064,35.59553229132985
"Regime-stratified split (submitted), with year",XGBoost,Tree,0.5144114684166519,36.75373479366303,73.56877508508504,33.29491357329182
"Regime-stratified split (submitted), with year",LightGBM,Tree,0.5403863097029574,37.14979295139703,71.57408301643669,34.88459088942565
"Regime-stratified split (submitted), with year",CatBoost,Tree,0.5650181048735297,37.5158655634706,69.62976109145289,38.95216907953538
"Regime-stratified split (submitted), with year",LSTM,Deep learning,0.5526434022161433,35.24210565710067,70.61325608810033,34.58366116829163
"Regime-stratified split (submitted), without year",HAR,Econometric,0.5120343337819357,38.415043596426074,73.74862836124501,36.70180987899587
"Regime-stratified split (submitted), without year",HAR-X,Econometric,0.5879187647114659,35.82726704581473,67.77206737202384,33.93393365724027
"Regime-stratified split (submitted), without year",LogHAR,Econometric,0.5194073965940098,38.434791786824256,73.18934420106862,37.176881013282845
"Regime-stratified split (submitted), without year",Linear Regression,Linear,0.5879187647114659,35.827267045814715,67.77206737202384,33.93393365724026
"Regime-stratified split (submitted), without year",Ridge,Linear,0.5879969235443046,35.81132711373669,67.76563995380761,33.91618234158571
"Regime-stratified split (submitted), without year",Lasso,Linear,0.5879170656332229,35.82713639957799,67.77220708953169,33.9338309777693
"Regime-stratified split (submitted), without year",Elastic Net,Linear,0.5879173285303434,35.82708578594526,67.77218547116382,33.933773575350486
"Regime-stratified split (submitted), without year",Huber,Linear,0.5748433902628227,35.16260648458508,68.8388778380895,31.237007202415924
"Regime-stratified split (submitted), without year",Adaptive Lasso,Linear,0.5876054874192893,35.84622594703419,67.7978237208461,33.93567647780678
"Regime-stratified split (submitted), without year",Bayesian Ridge,Linear,0.5880224339914202,35.80634382341668,67.76354196154266,33.91076487659411
"Regime-stratified split (submitted), without year",Theil-Sen,Linear,0.5876621858729547,35.834250285449144,67.79316293634999,33.94643951356699
"Regime-stratified split (submitted), without year",Decision Tree,Tree,0.4557768250698796,41.21534648836392,77.88392507940677,39.0025819571856
"Regime-stratified split (submitted), without year",Random Forest,Tree,0.5398671458567791,35.67549309446934,71.61449542107208,33.44524726971279
"Regime-stratified split (submitted), without year",Extra Trees,Tree,0.5081956372956702,36.268813958255386,74.03814054823806,34.07576625896365
"Regime-stratified split (submitted), without year",Gradient Boosting,Tree,0.5530603860555972,38.095837178695575,70.5803388903261,36.049616835242375
"Regime-stratified split (submitted), without year",XGBoost,Tree,0.5256691560707647,36.728666105270385,72.71097990875323,33.14488860784157
"Regime-stratified split (submitted), without year",LightGBM,Tree,0.5321857325044164,38.05566522418683,72.20978401073727,35.55823488848672
"Regime-stratified split (submitted), without year",CatBoost,Tree,0.5620968163165954,36.94115905598448,69.86318258706645,34.8720893199563
"Regime-stratified split (submitted), without year",LSTM,Deep learning,0.5354531333985878,35.1911380906105,71.95717122611582,32.62890583937235
"Chronological split (revised), with year",HAR,Econometric,0.24281309897973802,51.43184949331113,80.51172637297222,31.34643218143741
"Chronological split (revised), with year",HAR-X,Econometric,0.345923314288033,47.880712117903045,74.8293422089392,27.715655816237224
"Chronological split (revised), with year",LogHAR,Econometric,0.2579991060736969,51.032291123256755,79.7002726727124,31.439376779413873
"Chronological split (revised), with year",Linear Regression,Linear,0.3459233142880157,47.8807121179033,74.82934220894018,27.715655816236456
"Chronological split (revised), with year",Ridge,Linear,0.34577745959840256,47.88444963571679,74.83768496319152,27.708514772635173
"Chronological split (revised), with year",Lasso,Linear,0.34590995776408406,47.88079700344545,74.83010622852653,27.71505370823028
"Chronological split (revised), with year",Elastic Net,Linear,0.34590857017904364,47.88084699820024,74.83018560068801,27.714976813172743
"Chronological split (revised), with year",Huber,Linear,0.2760659366196737,49.767370838658465,78.72399026875011,26.544171983630722
"Chronological split (revised), with year",Adaptive Lasso,Linear,0.3459234597849906,47.88026812717564,74.8293338861825,27.71508640625648
"Chronological split (revised), with year",Bayesian Ridge,Linear,0.3455443323742551,47.890432937955886,74.85101769533293,27.6987664791699
"Chronological split (revised), with year",Theil-Sen,Linear,0.34472457729852757,47.87537903746162,74.89788129693883,27.636704824309493
"Chronological split (revised), with year",Decision Tree,Tree,0.07205502751796244,56.68283122635299,89.12893240667941,31.672337014942176
"Chronological split (revised), with year",Random Forest,Tree,0.19549282495866027,50.0968477908782,82.98938645491404,27.437935038760347
"Chronological split (revised), with year",Extra Trees,Tree,0.1017722015164717,52.69084494088494,87.69015520411385,28.061033679404225
"Chronological split (revised), with year",Gradient Boosting,Tree,0.1410918506279346,53.88467724734958,85.74937329514601,30.278130919574313
"Chronological split (revised), with year",XGBoost,Tree,0.046355515809716086,55.994827471281354,90.3547198254339,30.39742734533751
"Chronological split (revised), with year",LightGBM,Tree,0.09600132695051211,55.01403789249289,87.97139715657151,30.528700827825105
"Chronological split (revised), with year",CatBoost,Tree,0.1293326556999802,52.95513090708333,86.33436934370292,28.756309810202147
"Chronological split (revised), with year",LSTM,Deep learning,0.019579384316122717,56.06475335466603,91.61441448750088,29.11071582624175
"Chronological split (revised), without year",HAR,Econometric,0.24281309897973802,51.43184949331113,80.51172637297222,31.34643218143741
"Chronological split (revised), without year",HAR-X,Econometric,0.3417145775858783,48.16060969729192,75.06970545997271,27.71451575881203
"Chronological split (revised), without year",LogHAR,Econometric,0.2579991060736969,51.032291123256755,79.7002726727124,31.439376779413873
"Chronological split (revised), without year",Linear Regression,Linear,0.3417145775858781,48.160609697291925,75.06970545997272,27.71451575881202
"Chronological split (revised), without year",Ridge,Linear,0.34145979242163527,48.16627536204168,75.08423167932266,27.70188419903808
"Chronological split (revised), without year",Lasso,Linear,0.3417028262284687,48.160616489697446,75.07037550899133,27.71392681706154
"Chronological split (revised), without year",Elastic Net,Linear,0.3416707949546911,48.161457353855944,75.07220186538204,27.712302073417156
"Chronological split (revised), without year",Huber,Linear,0.28215164762621137,49.61842634923953,78.39239751975137,26.6022025314142
"Chronological split (revised), without year",Adaptive Lasso,Linear,0.3417192335352699,48.157604539396374,75.06943998138576,27.710726171248822
"Chronological split (revised), without year",Bayesian Ridge,Linear,0.3411919005653038,48.172045790968326,75.09950212808789,27.689103687196877
"Chronological split (revised), without year",Theil-Sen,Linear,0.3408277798563887,48.15257119064689,75.12025286461719,27.639969819770283
"Chronological split (revised), without year",Decision Tree,Tree,0.07154486739705601,56.64440655095464,89.15342942990682,31.471807427356058
"Chronological split (revised), without year",Random Forest,Tree,0.18574337834080779,50.5299137263456,83.49072695347307,27.419826269595877
"Chronological split (revised), without year",Extra Trees,Tree,0.10968846490360185,52.46872373303742,87.30288449894532,27.60098085688551
"Chronological split (revised), without year",Gradient Boosting,Tree,0.10006460697499953,55.45935310420755,87.77346821890268,30.38096816302009
"Chronological split (revised), without year",XGBoost,Tree,0.023700998484812885,56.48898472899131,91.42164163632907,30.379027715572377
"Chronological split (revised), without year",LightGBM,Tree,0.08701960853874346,55.65046046642662,88.40733883832347,30.49725811659878
"Chronological split (revised), without year",CatBoost,Tree,0.12057045306270575,53.85242622915591,86.7677067722483,28.824381432025305
"Chronological split (revised), without year",LSTM,Deep learning,-0.07878381334914986,59.914593231468864,96.1003133359077,29.397941264509026
