Model,Category,"Regime-stratified split (submitted), with year","Regime-stratified split (submitted), without year","Chronological split (revised), with year","Chronological split (revised), without year"
HAR,Econometric,0.5120343337819357,0.5120343337819357,0.24281309897973802,0.24281309897973802
HAR-X,Econometric,0.5942982856180257,0.5879187647114659,0.345923314288033,0.3417145775858783
LogHAR,Econometric,0.5194073965940098,0.5194073965940098,0.2579991060736969,0.2579991060736969
Linear Regression,Linear,0.5942982856180222,0.5879187647114659,0.3459233142880157,0.3417145775858781
Ridge,Linear,0.5943065894391011,0.5879969235443046,0.34577745959840256,0.34145979242163527
Lasso,Linear,0.5942880721649337,0.5879170656332229,0.34590995776408406,0.3417028262284687
Elastic Net,Linear,0.5942883922808693,0.5879173285303434,0.34590857017904364,0.3416707949546911
Huber,Linear,0.5769083716513295,0.5748433902628227,0.2760659366196737,0.28215164762621137
Adaptive Lasso,Linear,0.5942871118341788,0.5876054874192893,0.3459234597849906,0.3417192335352699
Bayesian Ridge,Linear,0.5944334583009336,0.5880224339914202,0.3455443323742551,0.3411919005653038
Theil-Sen,Linear,0.594022735840195,0.5876621858729547,0.34472457729852757,0.3408277798563887
Decision Tree,Tree,0.45513869339457325,0.4557768250698796,0.07205502751796244,0.07154486739705601
Random Forest,Tree,0.5476881170654294,0.5398671458567791,0.19549282495866027,0.18574337834080779
Extra Trees,Tree,0.5156735453402098,0.5081956372956702,0.1017722015164717,0.10968846490360185
Gradient Boosting,Tree,0.5610890244465028,0.5530603860555972,0.1410918506279346,0.10006460697499953
XGBoost,Tree,0.5144114684166519,0.5256691560707647,0.046355515809716086,0.023700998484812885
LightGBM,Tree,0.5403863097029574,0.5321857325044164,0.09600132695051211,0.08701960853874346
CatBoost,Tree,0.5650181048735297,0.5620968163165954,0.1293326556999802,0.12057045306270575
LSTM,Deep learning,0.5526434022161433,0.5354531333985878,0.019579384316122717,-0.07878381334914986
