Model,Predictors,k,Train R2,Train adj. R2,Test R2,Test MAE,Test RMSE,WF mean R2,WF folds > S,DM SE vs S,p SE,DM AE vs S,p AE
HAR-X,S,11,0.7085668377180908,0.7075046227462216,0.35564952019972096,49.02073671649265,74.27089734065436,0.40475018744498364,,,,,
HAR-X,B,24,0.7200428509210758,0.7178069202795136,0.3601539301838196,48.99813772848271,74.01084221020204,0.40017562612035373,2,-0.3625048179049633,0.7170539537815395,-0.05019087229819905,0.9599806394936472
HAR-X,S+B,26,0.7195495027786674,0.7171213599455822,0.36011576275368307,49.032255428570735,74.01304958605253,0.39655978103205586,2,-0.3524014673882052,0.7246139116865596,0.02407018964461449,0.9808015824715609
Elastic Net,S,11,0.7071100721017225,0.706042547513624,0.3518623040327692,49.18821665317911,74.48884382426446,0.4034487798969283,,,,,
Elastic Net,B,24,0.7170703027698082,0.7148106313110646,0.369499567479182,48.59359306713437,73.46835018632655,0.4114793707200377,3,-1.541676713337006,0.12347899619619127,-1.752624799988769,0.07998300186956905
Elastic Net,S+B,26,0.717069768027516,0.7146201556294858,0.3694999886229803,48.59352745417291,73.46832564966994,0.4074548025094984,3,-1.5416968622865788,0.12347409767246491,-1.7527357726556154,0.07996393145843372
Random Forest,S,11,0.8236400144781099,0.8229972179768703,0.3771507266455555,49.12949164158797,73.0212182162917,0.40519414726466535,,,,,
Random Forest,B,24,0.8447526462165265,0.843512733906775,0.37116117741278243,48.76554860968713,73.37147771058874,0.40250536303229456,2,0.4994413630265744,0.6175819790846677,-0.7877880384105871,0.4310135559777446
Random Forest,S+B,26,0.8513553470601998,0.8500683803680803,0.37385199002985847,48.76184778352998,73.214330485906,0.4024514256385191,2,0.3210570906670124,0.7482364295035218,-0.818025689742394,0.4135438293889944
CatBoost,S,11,0.8381834477427765,0.8375936591162592,0.40282617151918454,48.988692231549535,71.50031845220641,0.40325032974577635,,,,,
CatBoost,B,24,0.8679544264435858,0.8668998195333182,0.37205021166527785,48.80455172621891,73.31959412309573,0.3990013773357652,2,0.6977463757636833,0.4855033785101508,-0.2776699505799566,0.7813250206906822
CatBoost,S+B,26,0.8676277241736251,0.8664816438634401,0.3715461738759279,48.924961515611464,73.34901401776098,0.3980045711656752,2,0.7002163857175844,0.4839604314279452,-0.09900610489714999,0.9211539212203081
LightGBM,S,11,0.8509397235525891,0.8503964289730922,0.38227732131337055,49.688115970129715,72.72008301555228,0.36420717532054236,,,,,
LightGBM,B,24,0.8960714226187356,0.8952413774083695,0.3313151832756548,50.47447051730193,75.66034617819732,0.3502393991324966,2,1.0478912626249386,0.2949502750102697,0.9385496936215336,0.34819610981462645
LightGBM,S+B,26,0.8987309529249279,0.8978541646385636,0.34376459999577613,49.968957966123305,74.95272384818601,0.3524162938864537,2,0.9004865213705217,0.36808536373971434,0.3687787642410764,0.7123732750760433
