Model,Category,Train adj. R2 without year,Train adj. R2 with year,Test R2 without year,Test R2 with year,Test MSE change with year (%),Test MAE change with year (%),DM (SE) with vs without,p (SE),DM (AE) with vs without,p (AE)
HAR-X,Econometric,0.7136793816321173,0.7173328896897425,0.3417145775858783,0.345923314288033,-0.639348306805887,-0.5811753238759709,-1.1390378289621745,0.25496917102624733,-1.5669494627349756,0.11745332596576091
Linear Regression,Linear,0.7136793816321174,0.7173328896897426,0.341714577585878,0.3459233142880157,-0.6393483068033223,-0.581175323875438,-1.139037828957048,0.25496917102838434,-1.5669494627329543,0.11745332596623347
Ridge,Linear,0.7136783752940435,0.7173316150179134,0.34145979242163527,0.34577745959840256,-0.6556421501800913,-0.5851100675868026,-1.1634905769035695,0.24491723104074717,-1.582438015115663,0.11387626221620385
Lasso,Linear,0.7136793759194573,0.717332883866905,0.3417028262284688,0.34590995776408406,-0.6390930575490117,-0.5810130904612798,-1.138760787274707,0.25508467872106866,-1.5668634936662735,0.11747342411244852
Elastic Net,Linear,0.7136793525687442,0.7173328833741057,0.3416707949546911,0.34590857017904364,-0.6437167289366941,-0.5826450673906747,-1.1504936961060936,0.25022471648442524,-1.5753140963266783,0.11551070658729454
Huber,Linear,0.7031011558926366,0.7046272140853543,0.28215164762621137,0.2760659366196737,0.8477711185675085,0.3001797928265493,2.969181371407383,0.0030595599345660056,1.5788977174525929,0.11468622019852676
Adaptive Lasso,Linear,0.7136776723838716,0.7173328533236809,0.3417192335352699,0.3459234597849906,-0.6386676421216486,-0.5758932880348122,-1.138480786475174,0.2552014571872896,-1.5533007041347517,0.12067817704590036
Bayesian Ridge,Linear,0.7136754135783889,0.7173261890452314,0.3411919005653039,0.3455443323742551,-0.6606524438126704,-0.5845980763084735,-1.1562419757145699,0.24786747345675736,-1.5757619463791899,0.11540741489209547
Theil-Sen,Linear,0.7136393397020471,0.7172922446079344,0.3408277798563887,0.34472457729852757,-0.5911653014275875,-0.5756538982888415,-1.0355329291279576,0.3006787147749302,-1.5329107879342319,0.12562457996345908
Decision Tree,Tree,0.7968505612303998,0.7979777780514772,0.07154486739705601,0.07205502751796244,-0.05494720240021289,0.06783489798551923,-0.09197668413395368,0.9267355948022995,0.09827333210301202,0.9217355987079842
Random Forest,Tree,0.8327841103051332,0.8335984414690278,0.18574337834080779,0.19549282495866027,-1.1973432402657247,-0.8570486342263317,-3.904489916046932,0.00010097221585234699,-2.9246788480709642,0.003528546623856171
Extra Trees,Tree,0.7859332444803083,0.7853826628200606,0.10968846490360185,0.1017722015164717,0.8891565564488779,0.423340214977741,1.7316444370025965,0.08365548049227418,1.5375688651819874,0.12448085534431456
Gradient Boosting,Tree,0.9380699295521296,0.9399746593963303,0.10006460697499953,0.1410918506279346,-4.558909891856578,-2.839333257095833,-4.219414985068784,2.6795187225315428e-05,-3.5420351674751056,0.00041598798398014214
XGBoost,Tree,0.9735759858690802,0.9750270797036584,0.023700998484812885,0.046355515809716086,-2.3204486832152926,-0.8747851640115378,-2.5314092119557166,0.011517832743406634,-1.4067232404032972,0.15983043207921527
LightGBM,Tree,0.8845022752999596,0.8860904789484078,0.08701960853874346,0.09600132695051211,-0.9837799908706812,-1.1436070224750128,-1.8717764723917991,0.0615389191270917,-2.361493776893111,0.01839872482784623
CatBoost,Tree,0.9010262958688522,0.9000633282086941,0.12057045306270575,0.1293326556999802,-0.9963507216455891,-1.6662115059669858,-0.7580429051480312,0.44860980245626464,-2.5186429157470647,0.011941031641927623
LSTM,Deep learning,0.692036383027486,0.6962978939693776,-0.07878381334914986,0.019579384316122717,-9.117971223529786,-6.425546213640631,-11.517295498071192,7.429529269392906e-29,-9.565206365545162,8.959684243729726e-21
