Model,Category,N train,N test,k,Train R2,Train adj. R2,Train MAE,Train RMSE,Test R2,Test R2_OOS (vs HAR),Test MAE,Test RMSE,Test MAPE,R2 gap (train - test)
HAR,Econometric,3030,969,2,0.6704965363689659,0.6702788267795169,16.075997101088756,28.443135574134754,0.24535742217753986,0.0,52.582662218165005,80.37634353248318,33.537316603053604,0.425139114191426
HAR-X,Econometric,3030,969,11,0.7085668377180908,0.7075046227462216,14.989475364854847,26.74957976698931,0.35564952019972096,0.14615143812906994,49.02073671649265,74.27089734065436,30.587565186945163,0.35291731751836986
LogHAR,Econometric,3030,969,2,0.668703994761372,0.6684851008035004,16.057666019903152,28.520397812051733,0.2545358510799163,0.012162617339802173,52.44557668259353,79.88605481841947,33.59514172501073,0.4141681436814557
Linear Regression,Linear,3030,969,11,0.7085668377180894,0.7075046227462203,14.989475364854991,26.74957976698938,0.3556495201997203,0.14615143812906917,49.02073671649294,74.27089734065439,30.587565186945685,0.3529173175183691
Ridge,Linear,3030,969,11,0.7085307540756174,0.7074684075861647,14.993571403341093,26.75123570825179,0.35527907931937264,0.14566055556925306,49.03983175709788,74.29224366090303,30.626258163071213,0.35325167475624475
Lasso,Linear,3030,969,11,0.7076653224763173,0.7065998216636067,15.036024226784388,26.790921207170868,0.35446404997962955,0.14458053522095138,49.063311366308305,74.3391874098439,30.700968804571595,0.35320127249668776
Elastic Net,Linear,3030,969,11,0.7071100721017225,0.706042547513624,15.060428999871972,26.816352011821508,0.3518623040327692,0.1411328819565838,49.18821665317911,74.48884382426446,30.84207877831181,0.3552477680689533
Huber,Linear,3030,969,11,0.7102514070446735,0.7091953319875135,14.389269591001772,26.672157507779847,0.3429112408736643,0.1292715539290381,48.0628295090052,75.00144174000292,28.137551709479503,0.3673401661710092
Adaptive Lasso,Linear,3030,969,11,0.7060383154390191,0.7049668845145092,15.089480583107342,26.865371040736783,0.351108846953087,0.14013445289648985,49.372142961748565,74.53212771713501,30.919728520023988,0.3549294684859321
Bayesian Ridge,Linear,3030,969,11,0.7085388188801304,0.70747650178526,14.99289372566203,26.750865609207235,0.35534067038698014,0.145742171779917,49.0369629846558,74.28869495653954,30.620594896789584,0.35319814849315023
Theil-Sen,Linear,3030,969,11,0.7086063456991948,0.7075442747259314,14.990214803159917,26.7477665592833,0.35745630541416773,0.14854566457155394,48.94884112123705,74.16669491886002,30.519149292951525,0.35115004028502705
Decision Tree,Tree,3030,969,11,0.7595099692419057,0.7586334316877841,13.212302155320323,24.299426191484432,0.13758855656259117,-0.1428078255614973,57.79992000733839,85.92407158648783,35.834498532949425,0.6219214126793146
Random Forest,Tree,3030,969,11,0.8236400144781099,0.8229972179768703,11.37988488251281,20.808822542583787,0.3771507266455555,0.1746433455269759,49.12949164158796,73.0212182162917,30.752466546128137,0.44648928783255437
Extra Trees,Tree,3030,969,11,0.7676447866657766,0.7667978988769508,13.442778624640278,23.88491443899331,0.365856242494215,0.15967667854678635,49.32752479084734,73.68031158723169,31.2949769040607,0.4017885441715616
Gradient Boosting,Tree,3030,969,11,0.870500646861428,0.8700286478937261,10.813172525228724,17.831229054164968,0.3322100691254274,0.11509110339162554,50.2494189392615,75.60970195877286,31.172975096985407,0.5382905777360006
XGBoost,Tree,3030,969,11,0.9387283655823894,0.9385050428591972,7.369026113519913,12.265272796130924,0.3613491055817073,0.1537041333380159,50.22247960097484,73.94168707466544,31.233181556271454,0.5773792600006821
LightGBM,Tree,3030,969,11,0.8509397235525891,0.8503964289730922,11.047687125568547,19.130593361658867,0.38227732131337055,0.18143675318574848,49.688115970129715,72.72008301555228,30.927731703635324,0.4686624022392185
CatBoost,Tree,3030,969,11,0.8381834477427765,0.8375936591162592,11.944933844631075,19.932370497844225,0.40282617151918454,0.2086666641524848,48.988692231549535,71.50031845220641,30.62578232248414,0.435357276223592
LSTM,Deep learning,3026,969,11,0.7109073019619019,0.7098522191223468,14.994971556939914,26.652935425068303,0.3524932113668351,0.14196891659418187,50.40169526684104,74.45258069662272,31.77710072292223,0.3584140905950668
