Model,Category,2015-16,2017-18,2019-20,2021-22,2023-25,Mean R2,SD R2,Mean MAE,Folds beating HAR (R2)
HAR,Econometric,0.1444183553563816,0.48973495684697066,0.44423614081923324,0.3219012375409759,0.2432153013731302,0.32870119838733836,0.14194579826273881,30.883159070893903,0
HAR-X,Econometric,0.26540579400508335,0.5436190847528164,0.5052545505858135,0.33614551631261114,0.3563795832649813,0.40136090578426115,0.11810105601984665,29.158443699094825,5
LogHAR,Econometric,0.1429286572275198,0.46859883274424274,0.425604211421581,0.32501152473029704,0.25808176657455073,0.3240449985396382,0.13073379052381312,30.652234909010666,2
Linear Regression,Linear,0.2654057940050836,0.543619084752817,0.5052545505858138,0.33614551631261214,0.35637958326498154,0.4013609057842616,0.11810105601984665,29.158443699094818,5
Ridge,Linear,0.27338865007740354,0.5383256192470918,0.5079967067838675,0.33549460325573643,0.3564697916617263,0.4023350742051651,0.11495244879390831,29.093830779606606,5
Lasso,Linear,0.26696757412334726,0.538878492291295,0.5052676399198699,0.33611771420121583,0.3563757838134539,0.4007214408698364,0.11624064936819056,29.14645477532058,5
Elastic Net,Linear,0.27443674955276864,0.5343936748992577,0.5058865905406209,0.3347911420299011,0.3563934783094246,0.4011803270663946,0.11312218814617611,29.135791701510243,5
Huber,Linear,0.2558386921415715,0.4855943483778241,0.5081668970355688,0.22107756099850728,0.33186768250666676,0.3605090362120277,0.1310214901578371,29.32899822889839,3
Adaptive Lasso,Linear,0.2591488975514973,0.5409768855800203,0.5052850643742253,0.3353390592610038,0.3563904466206711,0.39942807067748354,0.11924727983955467,29.159676446039896,5
Bayesian Ridge,Linear,0.27052888276567344,0.5409374571214716,0.5061431159814682,0.3346226402818353,0.3565020999230252,0.4017468392146947,0.11623629739311382,29.135103827930994,5
Theil-Sen,Linear,0.2652842997246426,0.5459740948843428,0.5055775764811239,0.33210079823243976,0.35650535619284773,0.40108842510307935,0.119477553569874,29.150768492165774,5
Decision Tree,Tree,0.07143378012292978,0.2699181743951905,0.266250545151253,0.051877885468914475,0.16190610220849255,0.16427729746935607,0.1034621998832413,33.97273967126116,0
Random Forest,Tree,0.19940389507215384,0.3412392817210246,0.2766837273829559,0.2642301499490919,0.2760122880004203,0.2715138684251293,0.05040212617392145,30.372046385671787,2
Extra Trees,Tree,0.12155482625842184,0.2111795822383583,0.1533939484729676,0.16418196721295675,0.24824484477881403,0.17971103379230371,0.050007594805417686,31.57775193785626,1
Gradient Boosting,Tree,0.22545308422278287,0.3248538130737634,0.34426824648857113,0.09006483027159407,0.2748320875866874,0.2518944123286798,0.10157521080644795,31.789297647110477,2
XGBoost,Tree,0.20205675272482793,0.2350004924902711,0.35008533882396076,0.07019730050449058,0.23580760941726697,0.21862949879216345,0.10018795860593811,32.080222244415566,1
LightGBM,Tree,0.1914674173725689,0.2647685789551105,0.3383530118009772,0.16383424097949817,0.24839399995590794,0.24136344981281255,0.06801579984778497,31.92377444980155,2
CatBoost,Tree,0.23130941507461533,0.26680383672355823,0.2985198908082177,0.15542915560236936,0.28579103983822374,0.2475706676093969,0.05740431508386022,31.30375449042869,2
LSTM,Deep learning,0.09506458208022817,0.19704144457238226,-0.17585391253427263,-0.4348264530513952,0.06527424587547048,-0.050660018611517386,0.2546025275886629,38.37012869773815,0
