Feature,HAR,HAR-X,LogHAR,Linear Regression,Ridge,Lasso,Elastic Net,Huber,Adaptive Lasso,Bayesian Ridge,Theil-Sen,Decision Tree,Random Forest,Extra Trees,Gradient Boosting,XGBoost,LightGBM,CatBoost,LSTM
har_daily,24.894096446019923,8.403370330348796,19.381150158492222,8.403370330348755,8.576881646307505,8.403123351539074,8.430165471212565,5.827389394394744,8.40316721640651,8.743244221222934,7.191434678796508,0.0,15.168441967811733,13.973862679957326,4.249915946902418,0.22748562304992395,11.858375491061473,6.970625176030603,20.879374510801362
har_weekly,61.724798016383765,16.920515905264196,52.9347678513421,16.920515905264253,16.686872665376953,16.92429506801802,16.885394554141975,18.907050190197467,16.936600465347865,16.473353625632782,17.6352601517341,42.308200103588646,22.49160482464542,25.110213113153844,28.992319470958016,31.468625217501938,25.213113031670726,21.946472013400584,0.0
har_monthly,13.38110553759631,9.93225126256317,27.684081990165684,9.932251262563215,9.978702196787012,9.932048675867234,9.939770382043418,11.748665718889285,9.938208511550542,10.017543779475911,10.117605634876734,1.813825604311979,0.0,0.0,0.0,0.0,0.0,0.0,0.0
asia_range,0.0,23.867320649181732,0.0,23.867320649181668,23.920520990099998,23.86586314284696,23.87497097636543,22.63122633382014,23.856276740115533,23.969766447715223,24.445261702327016,43.81741604813471,33.689446148560954,19.95977188744632,53.84892278115611,40.81975244289437,33.337149897850715,37.07649805175619,55.85677405403979
asia_dir,0.0,0.15691669006081832,0.0,0.15691669006082815,0.15671825188834695,0.1566438970318471,0.15675015606514434,0.07582945072166562,0.15223021720597626,0.15651854677899255,0.14807116018893618,3.2294544870157997,0.9434896764980827,2.376659192579983,6.988920404406718,1.8931140177331736,1.814981723813911,3.405012593882775,0.8858690112198837
london_range,0.0,32.72397056901155,0.0,32.72397056901149,32.64176024006051,32.72831421763825,32.71370024556542,33.840662649520574,32.8096953770683,32.55852817713202,33.01404190850029,3.9962750396158913,26.26582604061274,28.469906269112943,5.688035721782275,22.210631208939528,23.88491235483071,24.583308557120855,19.902669271110135
london_dir,0.0,0.19219438252722587,0.0,0.19219438252724075,0.1917544208912195,0.19188166753762093,0.19197165251389278,0.14109628797791915,0.18772700833510128,0.191306124077735,0.19214569236489662,0.08565422103601195,0.1373143013710974,0.03736888875443751,0.0,0.5735493791879652,0.20301322169868222,0.0,0.3764549590130773
ndog_range,0.0,6.318215047256965,0.0,6.318215047256978,6.383854127712565,6.317140229364131,6.327703039962425,6.229457588169056,6.301672558843879,6.449085235914145,5.818497646441781,0.0,0.0,3.6432987014867226,0.0,0.0,0.0,0.0,0.0
month,0.0,0.021508985911530238,0.0,0.021508985911545573,0.021103927675104342,0.021443122263454864,0.021415004048453114,0.00019972019057780334,0.020443142375737428,0.020690820513684767,0.021666444412420598,0.05138827213923051,0.1415738629738963,1.4958023930767603,0.0,0.0,0.0,1.2623241827344678,0.0
weekday,0.0,0.0,0.0,0.0,0.0,0.0,0.0,0.0,0.0,0.0,0.0,4.5879095304464785,1.1474714888732906,1.7268661109556525,0.0,1.972426862350569,3.2071738282735276,3.0336315763352903,0.4562439435672261
impact_medium,0.0,0.0,0.0,0.0,0.0,0.0,0.0,0.0,0.0,0.0,0.0,0.10987669371125615,0.0,0.7643717321735904,0.0,0.0,0.0,0.0,0.9712166870147028
impact_high,0.0,1.4637361778740139,0.0,1.4637361778740203,1.441831533200788,1.4592466278934064,1.4581585180812777,0.5984226661185618,1.393978762750557,1.4199630215365837,1.416014980357312,0.0,0.014831688652778546,2.4418790313024195,0.2318856747944732,0.8344152483425371,0.48128045080027115,1.7221278487392326,0.671397563233827
Group: Calendar,0.0,0.021508985911530238,0.0,0.021508985911545573,0.021103927675104342,0.021443122263454864,0.021415004048453114,0.00019972019057780334,0.020443142375737428,0.020690820513684767,0.021666444412420598,4.639297802585709,1.289045351847187,3.222668504032413,0.0,1.972426862350569,3.2071738282735276,4.295955759069758,0.4562439435672261
Group: Macro news,0.0,1.4637361778740139,0.0,1.4637361778740203,1.441831533200788,1.4592466278934064,1.4581585180812777,0.5984226661185618,1.393978762750557,1.4199630215365837,1.416014980357312,0.10987669371125615,0.014831688652778546,3.20625076347601,0.2318856747944732,0.8344152483425371,0.48128045080027115,1.7221278487392326,1.64261425024853
Group: Persistence (HAR),100.0,35.25613749817616,100.0,35.25613749817622,35.24245650847147,35.25946709542433,35.255330407397956,36.483105303481494,35.277976193304916,35.23414162633163,34.944300465407345,44.122025707900626,37.66004679245715,39.08407579311117,33.242235417860435,31.69611084055186,37.071488522732196,28.917097189431185,20.879374510801362
Group: Session,0.0,63.258617338038285,0.0,63.258617338038206,63.29460803065264,63.2598431544188,63.26509607047231,62.91827231020936,63.30760190156879,63.32520453161811,63.61801810982292,51.128799795802415,61.03607616704287,54.487004939380405,66.5258789073451,65.49704704875504,59.240057198194016,65.06481920275982,77.02176729538289
