Fold,Train end,N train,N test,Model,Category,R2,MAE,RMSE,MAPE
2015-16,2014,1283,501,HAR,Econometric,0.13881570810771549,11.797620777497428,17.532472920949708,37.6983802416742
2015-16,2014,1283,501,HAR-X,Econometric,0.20531787443781657,11.581976506059927,16.841929665688216,37.26308185940512
2015-16,2014,1283,501,LogHAR,Econometric,0.14976277022840145,11.70232586042162,17.42068331164314,37.34211434565835
2015-16,2014,1283,501,Linear Regression,Linear,0.20531787443781235,11.58197650606001,16.841929665688262,37.26308185940563
2015-16,2014,1283,501,Ridge,Linear,0.21478280022892038,11.531762311130912,16.741332768860346,37.18902807347697
2015-16,2014,1283,501,Lasso,Linear,0.21499953151255147,11.520724714169887,16.739022184637932,37.277923033611884
2015-16,2014,1283,501,Elastic Net,Linear,0.2132733642659188,11.509700111550936,16.757416113185933,37.67274955281591
2015-16,2014,1283,501,Huber,Linear,0.2467548503740804,10.944808572316033,16.396958552557315,33.669351221386336
2015-16,2014,1283,501,Adaptive Lasso,Linear,0.1794262530015457,11.641001413262272,17.11409490910389,37.760799950416626
2015-16,2014,1283,501,Bayesian Ridge,Linear,0.21397147407100592,11.536135312082182,16.749979532093942,37.194799603511655
2015-16,2014,1283,501,Theil-Sen,Linear,0.20371798061309065,11.595892906707572,16.858874649179516,37.30681567558145
2015-16,2014,1283,501,Decision Tree,Tree,0.05357855884307239,12.845124978493214,18.37965742162703,41.26138126840409
2015-16,2014,1283,501,Random Forest,Tree,0.20459752558219702,11.372422456129271,16.849561218169082,36.78425621362811
2015-16,2014,1283,501,Extra Trees,Tree,0.19232501985021833,11.499359383819515,16.979052133664176,37.464016499229395
2015-16,2014,1283,501,Gradient Boosting,Tree,0.0884718586921519,12.244719802992568,18.03765879722211,39.0791236139799
2015-16,2014,1283,501,XGBoost,Tree,0.12378199179343896,11.97492556815257,17.684843230112588,38.469728489828334
2015-16,2014,1283,501,LightGBM,Tree,0.15271958195428992,11.874136482791123,17.39036557216769,37.91420557858597
2015-16,2014,1283,501,CatBoost,Tree,0.20029123499026724,11.576271141224208,16.895111217008417,37.22578673833181
2015-16,2014,1283,501,LSTM,Deep learning,0.16258746670109125,11.62826969744592,17.28880019614317,37.150622147504194
2017-18,2016,1784,497,HAR,Econometric,0.5024816213668548,15.560688856767161,21.74224183452946,35.87758987810511
2017-18,2016,1784,497,HAR-X,Econometric,0.5799674212771593,14.304095052816836,19.977504909586838,32.24024812783497
2017-18,2016,1784,497,LogHAR,Econometric,0.5001679152458929,15.559611042669422,21.792739273235462,35.784541080787804
2017-18,2016,1784,497,Linear Regression,Linear,0.5799674212771597,14.304095052816894,19.977504909586827,32.24024812783542
2017-18,2016,1784,497,Ridge,Linear,0.5648412281240897,14.508773027066107,20.334037912726824,32.99047159211983
2017-18,2016,1784,497,Lasso,Linear,0.575422077945448,14.382358672570167,20.0853064054104,32.462630495161825
2017-18,2016,1784,497,Elastic Net,Linear,0.5727655984061906,14.415994908711882,20.148042835701332,32.59982971197356
2017-18,2016,1784,497,Huber,Linear,0.5653895360215664,13.974701313109025,20.321223247604166,29.247034984107444
2017-18,2016,1784,497,Adaptive Lasso,Linear,0.5706487236884714,14.48177067811017,20.19789624266508,32.78964769139326
2017-18,2016,1784,497,Bayesian Ridge,Linear,0.5789447878055355,14.318381341061878,20.001809269014416,32.311617541409134
2017-18,2016,1784,497,Theil-Sen,Linear,0.58173192431868,14.29102321874526,19.935499278956573,32.20988493921146
2017-18,2016,1784,497,Decision Tree,Tree,0.4800260486879271,15.874002794442724,22.227496555309898,36.55204178175056
2017-18,2016,1784,497,Random Forest,Tree,0.5712953317525538,14.506215263111745,20.182681377600638,32.83228180531268
2017-18,2016,1784,497,Extra Trees,Tree,0.5343083996152478,14.832377428578939,21.03531210483098,33.69846308108174
2017-18,2016,1784,497,Gradient Boosting,Tree,0.56046250888542,14.754188410102829,20.43608593307631,33.01639768389042
2017-18,2016,1784,497,XGBoost,Tree,0.4933636287680535,15.563862112609868,21.940571714010435,34.91441913005748
2017-18,2016,1784,497,LightGBM,Tree,0.5259384728488099,15.355539105817126,21.223505264823082,34.09210935439038
2017-18,2016,1784,497,CatBoost,Tree,0.5834081786942196,14.455841533205836,19.895512345191545,32.70046999275096
2017-18,2016,1784,497,LSTM,Deep learning,0.5551098115756596,14.715288863359019,20.56014493146768,32.87170621516867
2019-20,2018,2281,498,HAR,Econometric,0.43374862156744276,32.66210093457824,49.668303349840826,38.56247927202537
2019-20,2018,2281,498,HAR-X,Econometric,0.482859695583279,31.412661850621024,47.465589849690986,37.59776072246598
2019-20,2018,2281,498,LogHAR,Econometric,0.429249555495559,32.600013001917894,49.865229019776905,38.44137959073189
2019-20,2018,2281,498,Linear Regression,Linear,0.4828596955832749,31.412661850621376,47.46558984969118,37.597760722466646
2019-20,2018,2281,498,Ridge,Linear,0.4830746195874679,31.431494971588233,47.455725452444646,37.69171091115124
2019-20,2018,2281,498,Lasso,Linear,0.4828387519069116,31.5952511171023,47.466550994934416,38.17961558074595
2019-20,2018,2281,498,Elastic Net,Linear,0.4824493032741567,31.595056543298917,47.48441999090184,38.2800365923072
2019-20,2018,2281,498,Huber,Linear,0.5047770081592865,29.2374160204245,46.44886310924357,33.15107487536443
2019-20,2018,2281,498,Adaptive Lasso,Linear,0.47700174002153106,31.947223351056508,47.73366828892774,39.00510825975492
2019-20,2018,2281,498,Bayesian Ridge,Linear,0.48305528658014907,31.429715349991373,47.45661286612576,37.681985879431984
2019-20,2018,2281,498,Theil-Sen,Linear,0.48206892673536883,31.427478238199583,47.501866244933865,37.62280116082419
2019-20,2018,2281,498,Decision Tree,Tree,0.27683746583561575,36.34246152770292,56.12969053522095,41.962174506220165
2019-20,2018,2281,498,Random Forest,Tree,0.4732295389436967,32.127238047370135,47.90550201700506,39.36629190013397
2019-20,2018,2281,498,Extra Trees,Tree,0.47933684333422344,31.606825353476335,47.62698749267181,38.388728875242215
2019-20,2018,2281,498,Gradient Boosting,Tree,0.34775995059890985,34.29114081094328,53.30628536834312,40.442662560694814
2019-20,2018,2281,498,XGBoost,Tree,0.3466408550968104,35.07384129705853,53.351996496973435,42.01455057427209
2019-20,2018,2281,498,LightGBM,Tree,0.40964243211569884,33.61182407214589,50.714512631050695,39.728705631729696
2019-20,2018,2281,498,CatBoost,Tree,0.4315939770451416,32.965814737637416,49.76271012028664,39.58747790594554
2019-20,2018,2281,498,LSTM,Deep learning,0.45737272104533355,31.970483402313487,48.62118062381753,36.8014062756138
2021-22,2020,2779,501,HAR,Econometric,0.3264787116538659,43.80327581026267,56.87343237254133,31.223784643391873
2021-22,2020,2779,501,HAR-X,Econometric,0.3898985547734011,41.25208154468457,54.12959808384758,28.375066489932365
2021-22,2020,2779,501,LogHAR,Econometric,0.32586614911924094,43.7653569080097,56.89928947367813,31.307143124307256
2021-22,2020,2779,501,Linear Regression,Linear,0.38989855477340085,41.252081544684785,54.1295980838476,28.3750664899328
2021-22,2020,2779,501,Ridge,Linear,0.3904771632303867,41.23131461346935,54.103924261258776,28.40285668380702
2021-22,2020,2779,501,Lasso,Linear,0.3887097307991123,41.273595686284715,54.182310011569434,28.61236810005717
2021-22,2020,2779,501,Elastic Net,Linear,0.38849906294419134,41.33255987577205,54.19164558284562,28.735722472486025
2021-22,2020,2779,501,Huber,Linear,0.37162070444455175,40.83875616038282,54.93444093475649,26.41324295397806
2021-22,2020,2779,501,Adaptive Lasso,Linear,0.38080577828769147,41.65371434750779,54.53147224902712,29.056258804718254
2021-22,2020,2779,501,Bayesian Ridge,Linear,0.3904068703516864,41.23408479610673,54.107043923652064,28.398875062722684
2021-22,2020,2779,501,Theil-Sen,Linear,0.3902202949318717,41.24740622965509,54.11532343963251,28.355974901799424
2021-22,2020,2779,501,Decision Tree,Tree,0.09483618372771163,50.77281688459513,65.93216972814837,34.05508835630541
2021-22,2020,2779,501,Random Forest,Tree,0.38412676513318855,41.85026546671201,54.385038565764575,29.052876879680124
2021-22,2020,2779,501,Extra Trees,Tree,0.38997105101217056,41.77067680916363,54.126381972101456,29.192565953339688
2021-22,2020,2779,501,Gradient Boosting,Tree,0.3197516876418407,42.8088835993197,57.15674812182041,29.433960777774832
2021-22,2020,2779,501,XGBoost,Tree,0.28690123794224653,44.273029488716375,58.52057932941111,30.385222125134785
2021-22,2020,2779,501,LightGBM,Tree,0.3073988412464538,43.06738590891479,57.673377089707344,29.37102535021998
2021-22,2020,2779,501,CatBoost,Tree,0.3612197809823786,41.79640819312879,55.38721202737127,28.667839098203913
2021-22,2020,2779,501,LSTM,Deep learning,0.3526263529920902,42.546841843487336,55.75852590378191,28.784212558027356
2023-25,2022,3280,719,HAR,Econometric,0.244058664928138,54.65311682921458,86.4770801636703,35.73182672906906
2023-25,2022,3280,719,HAR-X,Econometric,0.36570739115326234,50.13546618671676,79.21397304938947,32.093957748732734
2023-25,2022,3280,719,LogHAR,Econometric,0.2547191016138374,54.47885756565453,85.8651565510602,35.7579540436605
2023-25,2022,3280,719,Linear Regression,Linear,0.3657073911532621,50.13546618671706,79.21397304938948,32.09395774873328
2023-25,2022,3280,719,Ridge,Linear,0.3650744442259749,50.1749399114539,79.2534861529713,32.142746116652326
2023-25,2022,3280,719,Lasso,Linear,0.36344613214923105,50.268372153871326,79.3550467015002,32.24461582999775
2023-25,2022,3280,719,Elastic Net,Linear,0.36025657059418437,50.42778332462449,79.55360926693774,32.409442320812445
2023-25,2022,3280,719,Huber,Linear,0.3541656429989676,49.07670576615261,79.93142274672769,29.560360403291707
2023-25,2022,3280,719,Adaptive Lasso,Linear,0.3615152191428487,50.48090239684842,79.47531277463875,32.38969458514705
2023-25,2022,3280,719,Bayesian Ridge,Linear,0.3651673101014927,50.16927484544235,79.24769002974602,32.13585589274451
2023-25,2022,3280,719,Theil-Sen,Linear,0.3679265053206303,50.02316941325669,79.07528400774619,31.993048945060092
2023-25,2022,3280,719,Decision Tree,Tree,0.2185757449925464,56.54232801602575,87.9225781855641,36.14678180931356
2023-25,2022,3280,719,Random Forest,Tree,0.392721574911691,49.84064452775703,77.50877926265044,32.037380580766616
2023-25,2022,3280,719,Extra Trees,Tree,0.37055613384015684,50.482656688693645,78.91062329370847,32.86557256399404
2023-25,2022,3280,719,Gradient Boosting,Tree,0.3429121447522221,51.02135260646216,80.62480756190587,32.48821656197369
2023-25,2022,3280,719,XGBoost,Tree,0.38258301107159587,50.26249694209539,78.15310887002317,32.01046662252392
2023-25,2022,3280,719,LightGBM,Tree,0.4253365484374595,49.96511160559193,75.39868288541129,31.886425816519658
2023-25,2022,3280,719,CatBoost,Tree,0.4397384770168745,48.93948455984934,74.4478859094071,31.558160140699425
2023-25,2022,3280,719,LSTM,Deep learning,0.42207618664158886,49.662159722358005,75.61226815371526,31.86643420423708
