date,reason
2009-09-28,first day of the raw file (no previous close for the opening gap)
2009-11-26,U.S. holiday or shortened session (no regular 16:00 ET close)
2009-11-27,U.S. holiday or shortened session (no regular 16:00 ET close)
2009-12-24,U.S. holiday or shortened session (no regular 16:00 ET close)
2010-01-18,U.S. holiday or shortened session (no regular 16:00 ET close)
2010-02-15,U.S. holiday or shortened session (no regular 16:00 ET close)
2010-05-31,U.S. holiday or shortened session (no regular 16:00 ET close)
2010-07-05,U.S. holiday or shortened session (no regular 16:00 ET close)
2010-09-06,U.S. holiday or shortened session (no regular 16:00 ET close)
2010-11-25,U.S. holiday or shortened session (no regular 16:00 ET close)
2010-11-26,U.S. holiday or shortened session (no regular 16:00 ET close)
2011-01-17,U.S. holiday or shortened session (no regular 16:00 ET close)
2011-02-21,U.S. holiday or shortened session (no regular 16:00 ET close)
2011-05-30,U.S. holiday or shortened session (no regular 16:00 ET close)
2011-07-04,U.S. holiday or shortened session (no regular 16:00 ET close)
2011-09-05,U.S. holiday or shortened session (no regular 16:00 ET close)
2011-11-24,U.S. holiday or shortened session (no regular 16:00 ET close)
2011-11-25,U.S. holiday or shortened session (no regular 16:00 ET close)
2011-12-27,session after a holiday without overnight trading (no Asia/London session)
2012-01-03,session after a holiday without overnight trading (no Asia/London session)
2012-01-16,U.S. holiday or shortened session (no regular 16:00 ET close)
2012-02-20,U.S. holiday or shortened session (no regular 16:00 ET close)
2012-05-28,U.S. holiday or shortened session (no regular 16:00 ET close)
2012-07-03,U.S. holiday or shortened session (no regular 16:00 ET close)
2012-07-04,U.S. holiday or shortened session (no regular 16:00 ET close)
2012-09-03,U.S. holiday or shortened session (no regular 16:00 ET close)
2012-11-22,U.S. holiday or shortened session (no regular 16:00 ET close)
2012-11-23,U.S. holiday or shortened session (no regular 16:00 ET close)
2012-12-24,U.S. holiday or shortened session (no regular 16:00 ET close)
2012-12-26,session after a holiday without overnight trading (no Asia/London session)
2013-01-02,session after a holiday without overnight trading (no Asia/London session)
2013-01-21,U.S. holiday or shortened session (no regular 16:00 ET close)
2013-02-18,U.S. holiday or shortened session (no regular 16:00 ET close)
2013-05-27,U.S. holiday or shortened session (no regular 16:00 ET close)
2013-07-03,U.S. holiday or shortened session (no regular 16:00 ET close)
2013-07-04,U.S. holiday or shortened session (no regular 16:00 ET close)
2013-09-02,U.S. holiday or shortened session (no regular 16:00 ET close)
2013-11-28,U.S. holiday or shortened session (no regular 16:00 ET close)
2013-11-29,U.S. holiday or shortened session (no regular 16:00 ET close)
2013-12-24,U.S. holiday or shortened session (no regular 16:00 ET close)
2013-12-26,session after a holiday without overnight trading (no Asia/London session)
2014-01-02,session after a holiday without overnight trading (no Asia/London session)
2014-01-20,U.S. holiday or shortened session (no regular 16:00 ET close)
2014-02-17,U.S. holiday or shortened session (no regular 16:00 ET close)
2014-05-26,U.S. holiday or shortened session (no regular 16:00 ET close)
2014-07-03,U.S. holiday or shortened session (no regular 16:00 ET close)
2014-07-04,U.S. holiday or shortened session (no regular 16:00 ET close)
2014-09-01,U.S. holiday or shortened session (no regular 16:00 ET close)
2014-11-27,U.S. holiday or shortened session (no regular 16:00 ET close)
2014-11-28,U.S. holiday or shortened session (no regular 16:00 ET close)
2014-12-24,U.S. holiday or shortened session (no regular 16:00 ET close)
2015-01-19,U.S. holiday or shortened session (no regular 16:00 ET close)
2015-02-16,U.S. holiday or shortened session (no regular 16:00 ET close)
2015-05-25,U.S. holiday or shortened session (no regular 16:00 ET close)
2015-07-03,U.S. holiday or shortened session (no regular 16:00 ET close)
2015-09-07,U.S. holiday or shortened session (no regular 16:00 ET close)
2015-11-26,U.S. holiday or shortened session (no regular 16:00 ET close)
2015-11-27,U.S. holiday or shortened session (no regular 16:00 ET close)
2015-12-24,U.S. holiday or shortened session (no regular 16:00 ET close)
2016-01-18,U.S. holiday or shortened session (no regular 16:00 ET close)
2016-02-15,U.S. holiday or shortened session (no regular 16:00 ET close)
2016-05-30,U.S. holiday or shortened session (no regular 16:00 ET close)
2016-07-04,U.S. holiday or shortened session (no regular 16:00 ET close)
2016-09-05,U.S. holiday or shortened session (no regular 16:00 ET close)
2016-11-24,U.S. holiday or shortened session (no regular 16:00 ET close)
2016-11-25,U.S. holiday or shortened session (no regular 16:00 ET close)
2017-01-16,U.S. holiday or shortened session (no regular 16:00 ET close)
2017-02-20,U.S. holiday or shortened session (no regular 16:00 ET close)
2017-05-29,U.S. holiday or shortened session (no regular 16:00 ET close)
2017-07-03,U.S. holiday or shortened session (no regular 16:00 ET close)
2017-07-04,U.S. holiday or shortened session (no regular 16:00 ET close)
2017-09-04,U.S. holiday or shortened session (no regular 16:00 ET close)
2017-11-23,U.S. holiday or shortened session (no regular 16:00 ET close)
2017-11-24,U.S. holiday or shortened session (no regular 16:00 ET close)
2018-01-15,U.S. holiday or shortened session (no regular 16:00 ET close)
2018-02-19,U.S. holiday or shortened session (no regular 16:00 ET close)
2018-05-28,U.S. holiday or shortened session (no regular 16:00 ET close)
2018-07-03,U.S. holiday or shortened session (no regular 16:00 ET close)
2018-07-04,U.S. holiday or shortened session (no regular 16:00 ET close)
2018-09-03,U.S. holiday or shortened session (no regular 16:00 ET close)
2018-11-22,U.S. holiday or shortened session (no regular 16:00 ET close)
2018-11-23,U.S. holiday or shortened session (no regular 16:00 ET close)
2018-12-24,U.S. holiday or shortened session (no regular 16:00 ET close)
2019-01-21,U.S. holiday or shortened session (no regular 16:00 ET close)
2019-02-18,U.S. holiday or shortened session (no regular 16:00 ET close)
2019-05-27,U.S. holiday or shortened session (no regular 16:00 ET close)
2019-07-03,U.S. holiday or shortened session (no regular 16:00 ET close)
2019-07-04,U.S. holiday or shortened session (no regular 16:00 ET close)
2019-09-02,U.S. holiday or shortened session (no regular 16:00 ET close)
2019-11-28,U.S. holiday or shortened session (no regular 16:00 ET close)
2019-11-29,U.S. holiday or shortened session (no regular 16:00 ET close)
2019-12-24,U.S. holiday or shortened session (no regular 16:00 ET close)
2020-01-20,U.S. holiday or shortened session (no regular 16:00 ET close)
2020-02-17,U.S. holiday or shortened session (no regular 16:00 ET close)
2020-03-16,overnight trading locked at the CME price limit (zero London-session range)
2020-03-18,overnight trading locked at the CME price limit (zero London-session range)
2020-05-25,U.S. holiday or shortened session (no regular 16:00 ET close)
2020-07-03,U.S. holiday or shortened session (no regular 16:00 ET close)
2020-09-07,U.S. holiday or shortened session (no regular 16:00 ET close)
2020-11-26,U.S. holiday or shortened session (no regular 16:00 ET close)
2020-11-27,U.S. holiday or shortened session (no regular 16:00 ET close)
2020-12-24,U.S. holiday or shortened session (no regular 16:00 ET close)
2021-01-18,U.S. holiday or shortened session (no regular 16:00 ET close)
2021-02-15,U.S. holiday or shortened session (no regular 16:00 ET close)
2021-05-31,U.S. holiday or shortened session (no regular 16:00 ET close)
2021-07-05,U.S. holiday or shortened session (no regular 16:00 ET close)
2021-09-06,U.S. holiday or shortened session (no regular 16:00 ET close)
2021-11-25,U.S. holiday or shortened session (no regular 16:00 ET close)
2021-11-26,U.S. holiday or shortened session (no regular 16:00 ET close)
2022-01-17,U.S. holiday or shortened session (no regular 16:00 ET close)
2022-02-21,U.S. holiday or shortened session (no regular 16:00 ET close)
2022-05-30,U.S. holiday or shortened session (no regular 16:00 ET close)
2022-06-20,U.S. holiday or shortened session (no regular 16:00 ET close)
2022-07-04,U.S. holiday or shortened session (no regular 16:00 ET close)
2022-09-05,U.S. holiday or shortened session (no regular 16:00 ET close)
2022-11-24,U.S. holiday or shortened session (no regular 16:00 ET close)
2022-11-25,U.S. holiday or shortened session (no regular 16:00 ET close)
2023-01-16,U.S. holiday or shortened session (no regular 16:00 ET close)
2023-02-20,U.S. holiday or shortened session (no regular 16:00 ET close)
2023-05-29,U.S. holiday or shortened session (no regular 16:00 ET close)
2023-06-19,U.S. holiday or shortened session (no regular 16:00 ET close)
2023-07-03,U.S. holiday or shortened session (no regular 16:00 ET close)
2023-07-04,U.S. holiday or shortened session (no regular 16:00 ET close)
2023-09-04,U.S. holiday or shortened session (no regular 16:00 ET close)
2023-11-23,U.S. holiday or shortened session (no regular 16:00 ET close)
2023-11-24,U.S. holiday or shortened session (no regular 16:00 ET close)
2024-01-15,U.S. holiday or shortened session (no regular 16:00 ET close)
2024-02-19,U.S. holiday or shortened session (no regular 16:00 ET close)
2024-05-27,U.S. holiday or shortened session (no regular 16:00 ET close)
2024-06-19,U.S. holiday or shortened session (no regular 16:00 ET close)
2024-07-03,U.S. holiday or shortened session (no regular 16:00 ET close)
2024-07-04,U.S. holiday or shortened session (no regular 16:00 ET close)
2024-09-02,U.S. holiday or shortened session (no regular 16:00 ET close)
2024-11-28,U.S. holiday or shortened session (no regular 16:00 ET close)
2024-11-29,U.S. holiday or shortened session (no regular 16:00 ET close)
2024-12-24,U.S. holiday or shortened session (no regular 16:00 ET close)
2024-12-31,no entry in the calendar records collected from 30 Dec 2024 (no news classification)
2025-01-20,U.S. holiday or shortened session (no regular 16:00 ET close)
2025-02-17,U.S. holiday or shortened session (no regular 16:00 ET close)
2025-05-26,U.S. holiday or shortened session (no regular 16:00 ET close)
2025-06-19,U.S. holiday or shortened session (no regular 16:00 ET close)
2025-07-03,U.S. holiday or shortened session (no regular 16:00 ET close)
2025-07-04,U.S. holiday or shortened session (no regular 16:00 ET close)
2025-09-01,U.S. holiday or shortened session (no regular 16:00 ET close)
2025-10-13,no entry in the calendar records collected from 30 Dec 2024 (no news classification)
2025-11-11,no entry in the calendar records collected from 30 Dec 2024 (no news classification)
